,scenario_0,scenario_1,equality
0,Brake system power-off too early interrupting necessary deceleration. [H-4.1],"BSCU fails to disarm post-landing, resulting in abrupt brake engagement. [H-4.1]",True
1,Brake system power-off too early interrupting necessary deceleration. [H-4.1],Late crew response to autobrake anomaly leads to braking inefficiencies. [H-4.1],True
2,Crew's incorrect power-off decision causes unnecessary brake failure. [H-4.1],"Aircraft navigation error leads to unanticipated altitude drop, risking separation. [H-1]",False
3,"Crew misinterprets autobrake feedback, delaying power-off decision. [H-4.1]",Late crew response to autobrake anomaly leads to braking inefficiencies. [H-4.1],True
4,Hydraulic failure leads to asymmetric brake application. [H-4.2],Ground radar failure results in aircraft collision with ground object. [H-4],False
5,"Aircraft autopilot malfunctions mid-flight, leading to loss of minimum separation standards. [H-1]",Structural failure of aircraft wing results in loss of airframe integrity. [H-2],False
6,In-flight control system reset results in temporary loss of navigation capabilities. [H-4],Tire burst during landing roll causes deviation from runway. [H-3],False
7,Satellite communication error prevents scientific data collection. [H-5],Late crew response to autobrake anomaly leads to braking inefficiencies. [H-4.1],False
8,Hydraulic leak prevents adequate brake pressure application. [H-4.1],Failure in autobrake controller logic leads to brake application error during landing. [H-4.1],True
9,Control system failure at nuclear plant leads to dangerous material release. [H-8],GPS failure results in UAV deviating from mission path. [H-4],False
10,Autobrake controller incorrectly activates in normal takeoff scenario. [H-4.3],Ground radar failure results in aircraft collision with ground object. [H-4],False
11,"Cargo aircraft inadvertently releases cargo mid-flight, violating separation standards. [H-1]",Pilot error in thrust control leads to unsafe proximity to terrain during descent. [H-6],False
12,Structural failure of aircraft wing results in loss of airframe integrity. [H-2],Brake system power-off too early interrupting necessary deceleration. [H-4.1],False
13,Control system failure at nuclear plant leads to dangerous material release. [H-8],"Aircraft navigation error leads to unanticipated altitude drop, risking separation. [H-1]",False
14,"Sensor misalignment reports incorrect ground proximity, leading to hazards. [H-4]",Pilot error in thrust control leads to unsafe proximity to terrain during descent. [H-6],False
15,"Aircraft autopilot malfunctions mid-flight, leading to loss of minimum separation standards. [H-1]",Late feedback to BSCU results in delayed braking upon touchdown. [H-4.1],False
16,"Aircraft navigation error leads to unanticipated altitude drop, risking separation. [H-1]",Hydraulic control failure results in insufficient braking power application. [H-4.1],False
17,Communication lag leads to failure in timely satellite repositioning for data collection. [H-5],Ground radar failure results in aircraft collision with ground object. [H-4],False
18,Late feedback to BSCU results in delayed braking upon touchdown. [H-4.1],"Cargo aircraft inadvertently releases cargo mid-flight, violating separation standards. [H-1]",False
19,Ground proximity system failure leads to aircraft nearing other ground objects. [H-4],"Aircraft navigation error leads to unanticipated altitude drop, risking separation. [H-1]",False
20,Autobrake controller incorrectly activates in normal takeoff scenario. [H-4.3],Actuator delay results in insufficient braking force during landing. [H-4.1],False
21,Aircraft taxiing system error causes deviation from designated taxiway. [H-3],Terrain detection issue causes aircraft to drift too close to a mountain. [H-6],False
22,Crew's incorrect power-off decision causes unnecessary brake failure. [H-4.1],"Wet runway impacts braking efficiency, causing deceleration issues. [H-4.1]",False
23,"Miscommunication between crew and BSCU, failing to apply brakes during landing roll. [H-4.1]","Cargo aircraft inadvertently releases cargo mid-flight, violating separation standards. [H-1]",False
24,"Aircraft autopilot malfunctions mid-flight, leading to loss of minimum separation standards. [H-1]",Autobrake system erroneously applies breaks during takeoff. [H-4.3],False
25,Satellite communication error prevents scientific data collection. [H-5],Hydraulic failure leads to asymmetric brake application. [H-4.2],True
26,BSCU software error causes braking delay beyond specified time after touchdown. [H-4.1],BSCU manual override misinterpretation fails to apply necessary braking. [H-4.1],True
27,Satellite communication error prevents scientific data collection. [H-5],Actuator delay results in insufficient braking force during landing. [H-4.1],False
28,Malfunction in UAV’s navigation system prevents mission completion. [H-7],Crew intervention in normal braking leads to unnecessary power-off of BSCU. [H-4.1],False
29,"Crew misinterprets autobrake feedback, delaying power-off decision. [H-4.1]","Wind shear encounter causes deviation from flight path, compromising separation. [H-1]",False
30,Hydraulic leak prevents adequate brake pressure application. [H-4.1],Crew intervention in normal braking leads to unnecessary power-off of BSCU. [H-4.1],True
31,Crew intervention in normal braking leads to unnecessary power-off of BSCU. [H-4.1],Late crew response to autobrake anomaly leads to braking inefficiencies. [H-4.1],True
32,Nuclear plant valve malfunction results in unchecked material release. [H-8],Early termination of brake command resulting in extended runway use. [H-4.1],False
33,Crew's incorrect power-off decision causes unnecessary brake failure. [H-4.1],Hydraulic control failure results in insufficient braking power application. [H-4.1],True
34,Crew ignores braking system warnings due to unclear procedures. [H-4.1],Communication lag leads to failure in timely satellite repositioning for data collection. [H-5],False
35,"Miscommunication between crew and BSCU, failing to apply brakes during landing roll. [H-4.1]",Brake command transmission delay due to network congestion causes late brake application. [H-4.1],True
36,Nuclear plant valve malfunction results in unchecked material release. [H-8],Crew’s failure to acknowledge sensor alerts results in delay in power-off action. [H-4.1],False
37,Aircraft taxiing system error causes deviation from designated taxiway. [H-3],Early termination of brake command resulting in extended runway use. [H-4.1],True
38,UAV’s data link failure leads to incomplete surveillance mission. [H-7],Early termination of brake command resulting in extended runway use. [H-4.1],False
39,Ground proximity system failure leads to aircraft nearing other ground objects. [H-4],"Sensor misalignment reports incorrect ground proximity, leading to hazards. [H-4]",True
40,Power surge in BSCU disrupts normal braking sequence. [H-4.1],"Aircraft navigation error leads to unanticipated altitude drop, risking separation. [H-1]",False
41,Autopilot disengagement error results in improper descent path. [H-6],Brake command transmission delay due to network congestion causes late brake application. [H-4.1],True
42,Actuator delay results in insufficient braking force during landing. [H-4.1],GPS failure results in UAV deviating from mission path. [H-4],False
43,Control system failure at nuclear plant leads to dangerous material release. [H-8],Asymmetrical braking applied due to hydraulic system imbalance. [H-4.2],False
44,Crew's incorrect power-off decision causes unnecessary brake failure. [H-4.1],Brake command transmission delay due to network congestion causes late brake application. [H-4.1],False
45,GPS failure results in UAV deviating from mission path. [H-4],Tire burst during landing roll causes deviation from runway. [H-3],True
46,Satellite communication error prevents scientific data collection. [H-5],Power surge in BSCU disrupts normal braking sequence. [H-4.1],True
47,Autopilot disengagement error results in improper descent path. [H-6],Ground radar failure results in aircraft collision with ground object. [H-4],False
48,Malfunction in UAV’s navigation system prevents mission completion. [H-7],Weather-induced loss of control disrupts mission timeline. [H-4],False
49,"Crew misinterprets autobrake feedback, delaying power-off decision. [H-4.1]",Ground radar failure results in aircraft collision with ground object. [H-4],False
50,Terrain detection issue causes aircraft to drift too close to a mountain. [H-6],UAV’s data link failure leads to incomplete surveillance mission. [H-7],False
51,Hydraulic failure leads to asymmetric brake application. [H-4.2],"BSCU fails to disarm post-landing, resulting in abrupt brake engagement. [H-4.1]",True
52,UAV’s data link failure leads to incomplete surveillance mission. [H-7],"Wind shear encounter causes deviation from flight path, compromising separation. [H-1]",False
53,"Sensor failure misindicates aircraft stop, halting brake application prematurely. [H-4.1]",Ground radar failure results in aircraft collision with ground object. [H-4],False
54,Crew's incorrect power-off decision causes unnecessary brake failure. [H-4.1],BSCU software error causes braking delay beyond specified time after touchdown. [H-4.1],False
55,"Sensor misalignment reports incorrect ground proximity, leading to hazards. [H-4]",Brake command transmission delay due to network congestion causes late brake application. [H-4.1],True
56,GPS failure results in UAV deviating from mission path. [H-4],"Crew misinterprets autobrake feedback, delaying power-off decision. [H-4.1]",False
57,Hydraulic leak prevents adequate brake pressure application. [H-4.1],"BSCU fails to disarm post-landing, resulting in abrupt brake engagement. [H-4.1]",True
58,Hydraulic leak prevents adequate brake pressure application. [H-4.1],"Crew misinterprets autobrake feedback, delaying power-off decision. [H-4.1]",False
59,Autobrake controller incorrectly activates in normal takeoff scenario. [H-4.3],Asymmetrical braking applied due to hydraulic system imbalance. [H-4.2],False
60,Late feedback to BSCU results in delayed braking upon touchdown. [H-4.1],Hydraulic control failure results in insufficient braking power application. [H-4.1],True
61,BSCU software error causes braking delay beyond specified time after touchdown. [H-4.1],Autobrake system erroneously applies breaks during takeoff. [H-4.3],False
62,Brake system power-off too early interrupting necessary deceleration. [H-4.1],Nuclear plant valve malfunction results in unchecked material release. [H-8],False
63,Aircraft taxiing system error causes deviation from designated taxiway. [H-3],Hydraulic leak prevents adequate brake pressure application. [H-4.1],False
64,Structural failure of aircraft wing results in loss of airframe integrity. [H-2],Early termination of brake command resulting in extended runway use. [H-4.1],False
65,"Miscommunication between crew and BSCU, failing to apply brakes during landing roll. [H-4.1]",GPS failure results in UAV deviating from mission path. [H-4],False
66,Hydraulic leak prevents adequate brake pressure application. [H-4.1],Power surge in BSCU disrupts normal braking sequence. [H-4.1],True
67,Brake system power-off too early interrupting necessary deceleration. [H-4.1],In-flight control system reset results in temporary loss of navigation capabilities. [H-4],True
68,"Miscommunication between crew and BSCU, failing to apply brakes during landing roll. [H-4.1]",Hydraulic control failure results in insufficient braking power application. [H-4.1],True
69,"Crew misinterprets autobrake feedback, delaying power-off decision. [H-4.1]",Early termination of brake command resulting in extended runway use. [H-4.1],True
70,"Miscommunication between crew and BSCU, failing to apply brakes during landing roll. [H-4.1]",BSCU manual override misinterpretation fails to apply necessary braking. [H-4.1],True
71,Brake system power-off too early interrupting necessary deceleration. [H-4.1],Ground radar failure results in aircraft collision with ground object. [H-4],False
72,"Miscommunication between crew and BSCU, failing to apply brakes during landing roll. [H-4.1]",Autobrake controller incorrectly activates in normal takeoff scenario. [H-4.3],False
73,Autobrake system erroneously applies breaks during takeoff. [H-4.3],Pilot error in thrust control leads to unsafe proximity to terrain during descent. [H-6],False
74,Brake system power-off too early interrupting necessary deceleration. [H-4.1],"Crew misinterprets autobrake feedback, delaying power-off decision. [H-4.1]",True
75,Autobrake controller incorrectly activates in normal takeoff scenario. [H-4.3],UAV’s data link failure leads to incomplete surveillance mission. [H-7],False
76,GPS failure results in UAV deviating from mission path. [H-4],Power surge in BSCU disrupts normal braking sequence. [H-4.1],True
77,Satellite communication error prevents scientific data collection. [H-5],GPS failure results in UAV deviating from mission path. [H-4],True
78,Power surge in BSCU disrupts normal braking sequence. [H-4.1],Pilot error in thrust control leads to unsafe proximity to terrain during descent. [H-6],False
79,Control system failure at nuclear plant leads to dangerous material release. [H-8],UAV’s data link failure leads to incomplete surveillance mission. [H-7],False
80,Control system failure at nuclear plant leads to dangerous material release. [H-8],"Inadequate runway friction leads to extended landing roll, risking safety. [H-4.1]",False
81,Tire burst during landing roll causes deviation from runway. [H-3],Ground radar failure results in aircraft collision with ground object. [H-4],False
82,UAV’s data link failure leads to incomplete surveillance mission. [H-7],Brake command transmission delay due to network congestion causes late brake application. [H-4.1],False
83,"Aircraft autopilot malfunctions mid-flight, leading to loss of minimum separation standards. [H-1]",Terrain detection issue causes aircraft to drift too close to a mountain. [H-6],False
84,"Sensor misalignment reports incorrect ground proximity, leading to hazards. [H-4]",Autopilot disengagement error results in improper descent path. [H-6],False
85,Malfunction in UAV’s navigation system prevents mission completion. [H-7],Brake command transmission delay due to network congestion causes late brake application. [H-4.1],False
86,Terrain detection issue causes aircraft to drift too close to a mountain. [H-6],Weather-induced loss of control disrupts mission timeline. [H-4],False
87,Actuator delay results in insufficient braking force during landing. [H-4.1],"Aircraft navigation error leads to unanticipated altitude drop, risking separation. [H-1]",False
88,Asymmetrical braking applied due to hydraulic system imbalance. [H-4.2],Hydraulic leak prevents adequate brake pressure application. [H-4.1],True
89,Hydraulic failure leads to asymmetric brake application. [H-4.2],Crew intervention in normal braking leads to unnecessary power-off of BSCU. [H-4.1],False
90,Software crash causes temporary loss of satellite data acquisition capabilities. [H-5],Crew’s failure to acknowledge sensor alerts results in delay in power-off action. [H-4.1],False
91,Satellite communication error prevents scientific data collection. [H-5],"Miscommunication between crew and BSCU, failing to apply brakes during landing roll. [H-4.1]",False
92,"Aircraft navigation error leads to unanticipated altitude drop, risking separation. [H-1]",Ground radar failure results in aircraft collision with ground object. [H-4],False
93,"Inadequate runway friction leads to extended landing roll, risking safety. [H-4.1]",BSCU manual override misinterpretation fails to apply necessary braking. [H-4.1],True
94,Pilot error in thrust control leads to unsafe proximity to terrain during descent. [H-6],Late crew response to autobrake anomaly leads to braking inefficiencies. [H-4.1],False
95,Nuclear plant valve malfunction results in unchecked material release. [H-8],Tire burst during landing roll causes deviation from runway. [H-3],False
96,"Wet runway impacts braking efficiency, causing deceleration issues. [H-4.1]",UAV’s data link failure leads to incomplete surveillance mission. [H-7],False
97,Nuclear plant valve malfunction results in unchecked material release. [H-8],Autobrake system erroneously applies breaks during takeoff. [H-4.3],True
98,"Crew misinterprets autobrake feedback, delaying power-off decision. [H-4.1]",Autopilot disengagement error results in improper descent path. [H-6],False
99,Crew's incorrect power-off decision causes unnecessary brake failure. [H-4.1],Crew's late response to abnormal WBS handling results in safety compromise. [H-4.1],True
100,In-flight control system reset results in temporary loss of navigation capabilities. [H-4],Early termination of brake command resulting in extended runway use. [H-4.1],True
101,Tire burst during landing roll causes deviation from runway. [H-3],"BSCU fails to disarm post-landing, resulting in abrupt brake engagement. [H-4.1]",False
102,"Aircraft autopilot malfunctions mid-flight, leading to loss of minimum separation standards. [H-1]",Satellite communication error prevents scientific data collection. [H-5],False
103,Satellite communication error prevents scientific data collection. [H-5],Crew's late response to abnormal WBS handling results in safety compromise. [H-4.1],True
104,Terrain detection issue causes aircraft to drift too close to a mountain. [H-6],Control system failure at nuclear plant leads to dangerous material release. [H-8],False
105,Brake command transmission delay due to network congestion causes late brake application. [H-4.1],Ground radar failure results in aircraft collision with ground object. [H-4],False
106,Autobrake controller incorrectly activates in normal takeoff scenario. [H-4.3],"Wind shear encounter causes deviation from flight path, compromising separation. [H-1]",False
107,Autobrake system erroneously applies breaks during takeoff. [H-4.3],Brake command transmission delay due to network congestion causes late brake application. [H-4.1],False
108,Power surge in BSCU disrupts normal braking sequence. [H-4.1],Early termination of brake command resulting in extended runway use. [H-4.1],True
109,"Wet runway impacts braking efficiency, causing deceleration issues. [H-4.1]",In-flight control system reset results in temporary loss of navigation capabilities. [H-4],False
110,Power surge in BSCU disrupts normal braking sequence. [H-4.1],"BSCU fails to disarm post-landing, resulting in abrupt brake engagement. [H-4.1]",True
111,"BSCU fails to disarm post-landing, resulting in abrupt brake engagement. [H-4.1]",Early termination of brake command resulting in extended runway use. [H-4.1],True
112,Autobrake system erroneously applies breaks during takeoff. [H-4.3],Ground radar failure results in aircraft collision with ground object. [H-4],False
113,Terrain detection issue causes aircraft to drift too close to a mountain. [H-6],BSCU manual override misinterpretation fails to apply necessary braking. [H-4.1],False
114,Autobrake controller incorrectly activates in normal takeoff scenario. [H-4.3],Hydraulic control failure results in insufficient braking power application. [H-4.1],False
115,Aircraft taxiing system error causes deviation from designated taxiway. [H-3],Crew ignores braking system warnings due to unclear procedures. [H-4.1],False
116,"Miscommunication between crew and BSCU, failing to apply brakes during landing roll. [H-4.1]",Late feedback to BSCU results in delayed braking upon touchdown. [H-4.1],True
117,Control system failure at nuclear plant leads to dangerous material release. [H-8],Crew’s failure to acknowledge sensor alerts results in delay in power-off action. [H-4.1],False
118,Malfunction in UAV’s navigation system prevents mission completion. [H-7],Autopilot disengagement error results in improper descent path. [H-6],True
119,Late feedback to BSCU results in delayed braking upon touchdown. [H-4.1],Brake system power-off too early interrupting necessary deceleration. [H-4.1],True
120,"Miscommunication between crew and BSCU, failing to apply brakes during landing roll. [H-4.1]",UAV’s data link failure leads to incomplete surveillance mission. [H-7],False
121,Crew ignores braking system warnings due to unclear procedures. [H-4.1],Pilot error in thrust control leads to unsafe proximity to terrain during descent. [H-6],False
122,Malfunction in UAV’s navigation system prevents mission completion. [H-7],Hydraulic failure leads to asymmetric brake application. [H-4.2],False
123,"Wind shear encounter causes deviation from flight path, compromising separation. [H-1]",Hydraulic control failure results in insufficient braking power application. [H-4.1],False
124,Hydraulic failure leads to asymmetric brake application. [H-4.2],Early termination of brake command resulting in extended runway use. [H-4.1],False
125,Autobrake system erroneously applies breaks during takeoff. [H-4.3],Failure in autobrake controller logic leads to brake application error during landing. [H-4.1],False
126,"Wet runway impacts braking efficiency, causing deceleration issues. [H-4.1]",Ground radar failure results in aircraft collision with ground object. [H-4],False
127,Tire burst during landing roll causes deviation from runway. [H-3],Hydraulic control failure results in insufficient braking power application. [H-4.1],True
128,Nuclear plant valve malfunction results in unchecked material release. [H-8],"Wind shear encounter causes deviation from flight path, compromising separation. [H-1]",False
129,Terrain detection issue causes aircraft to drift too close to a mountain. [H-6],"BSCU fails to disarm post-landing, resulting in abrupt brake engagement. [H-4.1]",False
130,Actuator delay results in insufficient braking force during landing. [H-4.1],In-flight control system reset results in temporary loss of navigation capabilities. [H-4],False
131,Satellite communication error prevents scientific data collection. [H-5],Autobrake system erroneously applies breaks during takeoff. [H-4.3],True
132,Crew ignores braking system warnings due to unclear procedures. [H-4.1],Brake command transmission delay due to network congestion causes late brake application. [H-4.1],True
133,BSCU software error causes braking delay beyond specified time after touchdown. [H-4.1],Brake command transmission delay due to network congestion causes late brake application. [H-4.1],True
134,Late feedback to BSCU results in delayed braking upon touchdown. [H-4.1],"Wet runway impacts braking efficiency, causing deceleration issues. [H-4.1]",False
135,GPS failure results in UAV deviating from mission path. [H-4],Failure in autobrake controller logic leads to brake application error during landing. [H-4.1],True
136,"Sensor failure misindicates aircraft stop, halting brake application prematurely. [H-4.1]",In-flight control system reset results in temporary loss of navigation capabilities. [H-4],False
137,"Wet runway impacts braking efficiency, causing deceleration issues. [H-4.1]","Crew misinterprets autobrake feedback, delaying power-off decision. [H-4.1]",True
138,Nuclear plant valve malfunction results in unchecked material release. [H-8],Pilot error in thrust control leads to unsafe proximity to terrain during descent. [H-6],False
139,"Aircraft autopilot malfunctions mid-flight, leading to loss of minimum separation standards. [H-1]",Failure in autobrake controller logic leads to brake application error during landing. [H-4.1],True
140,"Aircraft autopilot malfunctions mid-flight, leading to loss of minimum separation standards. [H-1]",Crew ignores braking system warnings due to unclear procedures. [H-4.1],False
141,Ground proximity system failure leads to aircraft nearing other ground objects. [H-4],"Wind shear encounter causes deviation from flight path, compromising separation. [H-1]",False
142,"Aircraft autopilot malfunctions mid-flight, leading to loss of minimum separation standards. [H-1]",Crew's incorrect power-off decision causes unnecessary brake failure. [H-4.1],False
143,Malfunction in UAV’s navigation system prevents mission completion. [H-7],"Sensor misalignment reports incorrect ground proximity, leading to hazards. [H-4]",False
144,Ground proximity system failure leads to aircraft nearing other ground objects. [H-4],Power surge in BSCU disrupts normal braking sequence. [H-4.1],True
145,"Sensor failure misindicates aircraft stop, halting brake application prematurely. [H-4.1]",BSCU software error causes braking delay beyond specified time after touchdown. [H-4.1],False
146,"Cargo aircraft inadvertently releases cargo mid-flight, violating separation standards. [H-1]",Failure in autobrake controller logic leads to brake application error during landing. [H-4.1],False
147,Malfunction in UAV’s navigation system prevents mission completion. [H-7],"Inadequate runway friction leads to extended landing roll, risking safety. [H-4.1]",False
148,Terrain detection issue causes aircraft to drift too close to a mountain. [H-6],Crew's incorrect power-off decision causes unnecessary brake failure. [H-4.1],False
149,Actuator delay results in insufficient braking force during landing. [H-4.1],UAV’s data link failure leads to incomplete surveillance mission. [H-7],False
150,Terrain detection issue causes aircraft to drift too close to a mountain. [H-6],Ground radar failure results in aircraft collision with ground object. [H-4],True
151,Brake system power-off too early interrupting necessary deceleration. [H-4.1],"Inadequate runway friction leads to extended landing roll, risking safety. [H-4.1]",False
152,UAV’s data link failure leads to incomplete surveillance mission. [H-7],Crew’s failure to acknowledge sensor alerts results in delay in power-off action. [H-4.1],False
153,"Aircraft navigation error leads to unanticipated altitude drop, risking separation. [H-1]",Communication lag leads to failure in timely satellite repositioning for data collection. [H-5],False
154,Crew's incorrect power-off decision causes unnecessary brake failure. [H-4.1],"Wind shear encounter causes deviation from flight path, compromising separation. [H-1]",False
155,In-flight control system reset results in temporary loss of navigation capabilities. [H-4],"Aircraft navigation error leads to unanticipated altitude drop, risking separation. [H-1]",False
156,Late feedback to BSCU results in delayed braking upon touchdown. [H-4.1],Tire burst during landing roll causes deviation from runway. [H-3],False
157,"Miscommunication between crew and BSCU, failing to apply brakes during landing roll. [H-4.1]","BSCU fails to disarm post-landing, resulting in abrupt brake engagement. [H-4.1]",True
158,Early termination of brake command resulting in extended runway use. [H-4.1],Weather-induced loss of control disrupts mission timeline. [H-4],False
159,Crew ignores braking system warnings due to unclear procedures. [H-4.1],"Wind shear encounter causes deviation from flight path, compromising separation. [H-1]",False
160,Satellite communication error prevents scientific data collection. [H-5],Nuclear plant valve malfunction results in unchecked material release. [H-8],True
161,Nuclear plant valve malfunction results in unchecked material release. [H-8],"Cargo aircraft inadvertently releases cargo mid-flight, violating separation standards. [H-1]",False
162,GPS failure results in UAV deviating from mission path. [H-4],Ground radar failure results in aircraft collision with ground object. [H-4],True
163,UAV’s data link failure leads to incomplete surveillance mission. [H-7],Hydraulic control failure results in insufficient braking power application. [H-4.1],False
164,"Cargo aircraft inadvertently releases cargo mid-flight, violating separation standards. [H-1]",Early termination of brake command resulting in extended runway use. [H-4.1],False
165,Brake system power-off too early interrupting necessary deceleration. [H-4.1],"Aircraft navigation error leads to unanticipated altitude drop, risking separation. [H-1]",False
166,Structural failure of aircraft wing results in loss of airframe integrity. [H-2],Aircraft taxiing system error causes deviation from designated taxiway. [H-3],False
167,Malfunction in UAV’s navigation system prevents mission completion. [H-7],In-flight control system reset results in temporary loss of navigation capabilities. [H-4],True
168,Malfunction in UAV’s navigation system prevents mission completion. [H-7],Brake system power-off too early interrupting necessary deceleration. [H-4.1],False
169,Late feedback to BSCU results in delayed braking upon touchdown. [H-4.1],Nuclear plant valve malfunction results in unchecked material release. [H-8],True
170,"Crew misinterprets autobrake feedback, delaying power-off decision. [H-4.1]",Brake command transmission delay due to network congestion causes late brake application. [H-4.1],True
171,"Aircraft autopilot malfunctions mid-flight, leading to loss of minimum separation standards. [H-1]",Brake system power-off too early interrupting necessary deceleration. [H-4.1],True
172,Hydraulic failure leads to asymmetric brake application. [H-4.2],Software crash causes temporary loss of satellite data acquisition capabilities. [H-5],False
173,Crew's incorrect power-off decision causes unnecessary brake failure. [H-4.1],"Cargo aircraft inadvertently releases cargo mid-flight, violating separation standards. [H-1]",False
174,Malfunction in UAV’s navigation system prevents mission completion. [H-7],Crew's late response to abnormal WBS handling results in safety compromise. [H-4.1],False
175,Hydraulic leak prevents adequate brake pressure application. [H-4.1],GPS failure results in UAV deviating from mission path. [H-4],False
176,Software crash causes temporary loss of satellite data acquisition capabilities. [H-5],Communication lag leads to failure in timely satellite repositioning for data collection. [H-5],True
177,Crew's late response to abnormal WBS handling results in safety compromise. [H-4.1],"BSCU fails to disarm post-landing, resulting in abrupt brake engagement. [H-4.1]",True
178,"Inadequate runway friction leads to extended landing roll, risking safety. [H-4.1]",Hydraulic control failure results in insufficient braking power application. [H-4.1],True
179,"Aircraft autopilot malfunctions mid-flight, leading to loss of minimum separation standards. [H-1]",Ground proximity system failure leads to aircraft nearing other ground objects. [H-4],True
180,Hydraulic failure leads to asymmetric brake application. [H-4.2],Hydraulic control failure results in insufficient braking power application. [H-4.1],True
181,"Miscommunication between crew and BSCU, failing to apply brakes during landing roll. [H-4.1]",Late crew response to autobrake anomaly leads to braking inefficiencies. [H-4.1],True
182,Autobrake controller incorrectly activates in normal takeoff scenario. [H-4.3],Tire burst during landing roll causes deviation from runway. [H-3],False
183,Autopilot disengagement error results in improper descent path. [H-6],Failure in autobrake controller logic leads to brake application error during landing. [H-4.1],False
184,Late feedback to BSCU results in delayed braking upon touchdown. [H-4.1],Pilot error in thrust control leads to unsafe proximity to terrain during descent. [H-6],False
185,"Cargo aircraft inadvertently releases cargo mid-flight, violating separation standards. [H-1]","Wind shear encounter causes deviation from flight path, compromising separation. [H-1]",True
186,Aircraft taxiing system error causes deviation from designated taxiway. [H-3],Autopilot disengagement error results in improper descent path. [H-6],True
187,Structural failure of aircraft wing results in loss of airframe integrity. [H-2],"Inadequate runway friction leads to extended landing roll, risking safety. [H-4.1]",False
188,"Miscommunication between crew and BSCU, failing to apply brakes during landing roll. [H-4.1]",Hydraulic failure leads to asymmetric brake application. [H-4.2],False
189,"Wind shear encounter causes deviation from flight path, compromising separation. [H-1]",Failure in autobrake controller logic leads to brake application error during landing. [H-4.1],False
190,"Crew misinterprets autobrake feedback, delaying power-off decision. [H-4.1]",Power surge in BSCU disrupts normal braking sequence. [H-4.1],True
191,Autobrake system erroneously applies breaks during takeoff. [H-4.3],Late crew response to autobrake anomaly leads to braking inefficiencies. [H-4.1],False
192,Structural failure of aircraft wing results in loss of airframe integrity. [H-2],"Miscommunication between crew and BSCU, failing to apply brakes during landing roll. [H-4.1]",True
193,Control system failure at nuclear plant leads to dangerous material release. [H-8],Crew intervention in normal braking leads to unnecessary power-off of BSCU. [H-4.1],False
194,Failure in autobrake controller logic leads to brake application error during landing. [H-4.1],"Aircraft navigation error leads to unanticipated altitude drop, risking separation. [H-1]",False
195,Crew ignores braking system warnings due to unclear procedures. [H-4.1],Late crew response to autobrake anomaly leads to braking inefficiencies. [H-4.1],True
196,Hydraulic leak prevents adequate brake pressure application. [H-4.1],Nuclear plant valve malfunction results in unchecked material release. [H-8],False
197,Terrain detection issue causes aircraft to drift too close to a mountain. [H-6],"Aircraft navigation error leads to unanticipated altitude drop, risking separation. [H-1]",False
198,Autobrake controller incorrectly activates in normal takeoff scenario. [H-4.3],Nuclear plant valve malfunction results in unchecked material release. [H-8],True
199,Satellite communication error prevents scientific data collection. [H-5],"Sensor failure misindicates aircraft stop, halting brake application prematurely. [H-4.1]",False
200,Control system failure at nuclear plant leads to dangerous material release. [H-8],"Wind shear encounter causes deviation from flight path, compromising separation. [H-1]",False
201,Crew ignores braking system warnings due to unclear procedures. [H-4.1],Hydraulic failure leads to asymmetric brake application. [H-4.2],False
202,GPS failure results in UAV deviating from mission path. [H-4],Hydraulic control failure results in insufficient braking power application. [H-4.1],True
203,Control system failure at nuclear plant leads to dangerous material release. [H-8],Failure in autobrake controller logic leads to brake application error during landing. [H-4.1],False
204,"BSCU fails to disarm post-landing, resulting in abrupt brake engagement. [H-4.1]",Crew’s failure to acknowledge sensor alerts results in delay in power-off action. [H-4.1],False
205,"Wind shear encounter causes deviation from flight path, compromising separation. [H-1]",Brake command transmission delay due to network congestion causes late brake application. [H-4.1],False
206,Satellite communication error prevents scientific data collection. [H-5],Crew ignores braking system warnings due to unclear procedures. [H-4.1],False
207,Brake system power-off too early interrupting necessary deceleration. [H-4.1],Early termination of brake command resulting in extended runway use. [H-4.1],True
208,Crew's incorrect power-off decision causes unnecessary brake failure. [H-4.1],"Sensor misalignment reports incorrect ground proximity, leading to hazards. [H-4]",False
209,Hydraulic leak prevents adequate brake pressure application. [H-4.1],UAV’s data link failure leads to incomplete surveillance mission. [H-7],True
210,GPS failure results in UAV deviating from mission path. [H-4],Brake command transmission delay due to network congestion causes late brake application. [H-4.1],True
211,"Cargo aircraft inadvertently releases cargo mid-flight, violating separation standards. [H-1]",Ground radar failure results in aircraft collision with ground object. [H-4],False
212,Satellite communication error prevents scientific data collection. [H-5],BSCU software error causes braking delay beyond specified time after touchdown. [H-4.1],False
213,Crew's late response to abnormal WBS handling results in safety compromise. [H-4.1],Pilot error in thrust control leads to unsafe proximity to terrain during descent. [H-6],False
214,Hydraulic leak prevents adequate brake pressure application. [H-4.1],"Sensor misalignment reports incorrect ground proximity, leading to hazards. [H-4]",False
215,Crew's late response to abnormal WBS handling results in safety compromise. [H-4.1],Autopilot disengagement error results in improper descent path. [H-6],False
216,Hydraulic failure leads to asymmetric brake application. [H-4.2],Late crew response to autobrake anomaly leads to braking inefficiencies. [H-4.1],False
217,Aircraft taxiing system error causes deviation from designated taxiway. [H-3],Satellite communication error prevents scientific data collection. [H-5],False
218,Structural failure of aircraft wing results in loss of airframe integrity. [H-2],Crew's late response to abnormal WBS handling results in safety compromise. [H-4.1],False
219,"Aircraft autopilot malfunctions mid-flight, leading to loss of minimum separation standards. [H-1]",Autobrake controller incorrectly activates in normal takeoff scenario. [H-4.3],False
220,"Wet runway impacts braking efficiency, causing deceleration issues. [H-4.1]",Power surge in BSCU disrupts normal braking sequence. [H-4.1],True
221,Brake system power-off too early interrupting necessary deceleration. [H-4.1],BSCU manual override misinterpretation fails to apply necessary braking. [H-4.1],True
222,UAV’s data link failure leads to incomplete surveillance mission. [H-7],Nuclear plant valve malfunction results in unchecked material release. [H-8],True
223,GPS failure results in UAV deviating from mission path. [H-4],Crew intervention in normal braking leads to unnecessary power-off of BSCU. [H-4.1],True
224,Hydraulic control failure results in insufficient braking power application. [H-4.1],Weather-induced loss of control disrupts mission timeline. [H-4],False
225,"Inadequate runway friction leads to extended landing roll, risking safety. [H-4.1]",Failure in autobrake controller logic leads to brake application error during landing. [H-4.1],True
226,Aircraft taxiing system error causes deviation from designated taxiway. [H-3],"Inadequate runway friction leads to extended landing roll, risking safety. [H-4.1]",False
227,Hydraulic failure leads to asymmetric brake application. [H-4.2],"Wind shear encounter causes deviation from flight path, compromising separation. [H-1]",False
228,Control system failure at nuclear plant leads to dangerous material release. [H-8],"Miscommunication between crew and BSCU, failing to apply brakes during landing roll. [H-4.1]",False
229,Nuclear plant valve malfunction results in unchecked material release. [H-8],Weather-induced loss of control disrupts mission timeline. [H-4],False
230,Aircraft taxiing system error causes deviation from designated taxiway. [H-3],Crew’s failure to acknowledge sensor alerts results in delay in power-off action. [H-4.1],True
231,Aircraft taxiing system error causes deviation from designated taxiway. [H-3],Tire burst during landing roll causes deviation from runway. [H-3],True
232,Structural failure of aircraft wing results in loss of airframe integrity. [H-2],BSCU manual override misinterpretation fails to apply necessary braking. [H-4.1],False
233,Power surge in BSCU disrupts normal braking sequence. [H-4.1],Autopilot disengagement error results in improper descent path. [H-6],False
234,"Sensor failure misindicates aircraft stop, halting brake application prematurely. [H-4.1]","Sensor misalignment reports incorrect ground proximity, leading to hazards. [H-4]",False
235,Crew ignores braking system warnings due to unclear procedures. [H-4.1],Ground radar failure results in aircraft collision with ground object. [H-4],False
236,"Aircraft navigation error leads to unanticipated altitude drop, risking separation. [H-1]",Early termination of brake command resulting in extended runway use. [H-4.1],False
237,Autobrake controller incorrectly activates in normal takeoff scenario. [H-4.3],"Aircraft navigation error leads to unanticipated altitude drop, risking separation. [H-1]",False
238,"BSCU fails to disarm post-landing, resulting in abrupt brake engagement. [H-4.1]",Late crew response to autobrake anomaly leads to braking inefficiencies. [H-4.1],False
239,UAV’s data link failure leads to incomplete surveillance mission. [H-7],Software crash causes temporary loss of satellite data acquisition capabilities. [H-5],True
240,Ground proximity system failure leads to aircraft nearing other ground objects. [H-4],Hydraulic control failure results in insufficient braking power application. [H-4.1],True
241,Brake command transmission delay due to network congestion causes late brake application. [H-4.1],BSCU manual override misinterpretation fails to apply necessary braking. [H-4.1],False
242,"Cargo aircraft inadvertently releases cargo mid-flight, violating separation standards. [H-1]",Power surge in BSCU disrupts normal braking sequence. [H-4.1],False
243,"Aircraft autopilot malfunctions mid-flight, leading to loss of minimum separation standards. [H-1]",Tire burst during landing roll causes deviation from runway. [H-3],False
244,Crew's incorrect power-off decision causes unnecessary brake failure. [H-4.1],Brake system power-off too early interrupting necessary deceleration. [H-4.1],True
245,Terrain detection issue causes aircraft to drift too close to a mountain. [H-6],Hydraulic control failure results in insufficient braking power application. [H-4.1],False
246,Late feedback to BSCU results in delayed braking upon touchdown. [H-4.1],Communication lag leads to failure in timely satellite repositioning for data collection. [H-5],True
247,Aircraft taxiing system error causes deviation from designated taxiway. [H-3],"Cargo aircraft inadvertently releases cargo mid-flight, violating separation standards. [H-1]",False
248,Aircraft taxiing system error causes deviation from designated taxiway. [H-3],Hydraulic failure leads to asymmetric brake application. [H-4.2],True
249,Crew's incorrect power-off decision causes unnecessary brake failure. [H-4.1],Weather-induced loss of control disrupts mission timeline. [H-4],False
250,Aircraft taxiing system error causes deviation from designated taxiway. [H-3],"Wet runway impacts braking efficiency, causing deceleration issues. [H-4.1]",False
251,Control system failure at nuclear plant leads to dangerous material release. [H-8],Crew's incorrect power-off decision causes unnecessary brake failure. [H-4.1],False
252,"Wet runway impacts braking efficiency, causing deceleration issues. [H-4.1]",GPS failure results in UAV deviating from mission path. [H-4],True
253,Actuator delay results in insufficient braking force during landing. [H-4.1],Tire burst during landing roll causes deviation from runway. [H-3],False
254,Nuclear plant valve malfunction results in unchecked material release. [H-8],In-flight control system reset results in temporary loss of navigation capabilities. [H-4],False
255,Autopilot disengagement error results in improper descent path. [H-6],Hydraulic control failure results in insufficient braking power application. [H-4.1],False
256,Ground proximity system failure leads to aircraft nearing other ground objects. [H-4],Brake system power-off too early interrupting necessary deceleration. [H-4.1],False
257,Hydraulic leak prevents adequate brake pressure application. [H-4.1],Tire burst during landing roll causes deviation from runway. [H-3],False
258,"Sensor misalignment reports incorrect ground proximity, leading to hazards. [H-4]",Early termination of brake command resulting in extended runway use. [H-4.1],False
259,Brake system power-off too early interrupting necessary deceleration. [H-4.1],Brake command transmission delay due to network congestion causes late brake application. [H-4.1],False
260,Hydraulic leak prevents adequate brake pressure application. [H-4.1],Crew’s failure to acknowledge sensor alerts results in delay in power-off action. [H-4.1],True
261,Crew's incorrect power-off decision causes unnecessary brake failure. [H-4.1],Ground radar failure results in aircraft collision with ground object. [H-4],False
262,Actuator delay results in insufficient braking force during landing. [H-4.1],Hydraulic leak prevents adequate brake pressure application. [H-4.1],True
263,BSCU software error causes braking delay beyond specified time after touchdown. [H-4.1],Autopilot disengagement error results in improper descent path. [H-6],False
264,Satellite communication error prevents scientific data collection. [H-5],"Sensor misalignment reports incorrect ground proximity, leading to hazards. [H-4]",False
265,Autopilot disengagement error results in improper descent path. [H-6],BSCU manual override misinterpretation fails to apply necessary braking. [H-4.1],True
266,Aircraft taxiing system error causes deviation from designated taxiway. [H-3],Software crash causes temporary loss of satellite data acquisition capabilities. [H-5],False
267,"Aircraft autopilot malfunctions mid-flight, leading to loss of minimum separation standards. [H-1]","Cargo aircraft inadvertently releases cargo mid-flight, violating separation standards. [H-1]",True
268,"Aircraft autopilot malfunctions mid-flight, leading to loss of minimum separation standards. [H-1]",Communication lag leads to failure in timely satellite repositioning for data collection. [H-5],False
269,"Aircraft autopilot malfunctions mid-flight, leading to loss of minimum separation standards. [H-1]",Actuator delay results in insufficient braking force during landing. [H-4.1],False
270,Late feedback to BSCU results in delayed braking upon touchdown. [H-4.1],Crew's late response to abnormal WBS handling results in safety compromise. [H-4.1],True
271,GPS failure results in UAV deviating from mission path. [H-4],Pilot error in thrust control leads to unsafe proximity to terrain during descent. [H-6],False
272,Hydraulic leak prevents adequate brake pressure application. [H-4.1],Brake command transmission delay due to network congestion causes late brake application. [H-4.1],True
273,Malfunction in UAV’s navigation system prevents mission completion. [H-7],GPS failure results in UAV deviating from mission path. [H-4],True
274,"Sensor failure misindicates aircraft stop, halting brake application prematurely. [H-4.1]",Hydraulic failure leads to asymmetric brake application. [H-4.2],False
275,Tire burst during landing roll causes deviation from runway. [H-3],BSCU manual override misinterpretation fails to apply necessary braking. [H-4.1],False
276,"Aircraft autopilot malfunctions mid-flight, leading to loss of minimum separation standards. [H-1]",Late crew response to autobrake anomaly leads to braking inefficiencies. [H-4.1],True
277,Autobrake system erroneously applies breaks during takeoff. [H-4.3],Crew intervention in normal braking leads to unnecessary power-off of BSCU. [H-4.1],True
278,Asymmetrical braking applied due to hydraulic system imbalance. [H-4.2],Nuclear plant valve malfunction results in unchecked material release. [H-8],True
279,Late feedback to BSCU results in delayed braking upon touchdown. [H-4.1],Brake command transmission delay due to network congestion causes late brake application. [H-4.1],True
280,Crew's incorrect power-off decision causes unnecessary brake failure. [H-4.1],Autobrake controller incorrectly activates in normal takeoff scenario. [H-4.3],True
281,Weather-induced loss of control disrupts mission timeline. [H-4],BSCU manual override misinterpretation fails to apply necessary braking. [H-4.1],True
282,Aircraft taxiing system error causes deviation from designated taxiway. [H-3],Crew intervention in normal braking leads to unnecessary power-off of BSCU. [H-4.1],False
283,Late feedback to BSCU results in delayed braking upon touchdown. [H-4.1],Software crash causes temporary loss of satellite data acquisition capabilities. [H-5],False
284,"Wind shear encounter causes deviation from flight path, compromising separation. [H-1]",BSCU manual override misinterpretation fails to apply necessary braking. [H-4.1],False
285,Control system failure at nuclear plant leads to dangerous material release. [H-8],Crew ignores braking system warnings due to unclear procedures. [H-4.1],False
286,Actuator delay results in insufficient braking force during landing. [H-4.1],"Wind shear encounter causes deviation from flight path, compromising separation. [H-1]",False
287,Aircraft taxiing system error causes deviation from designated taxiway. [H-3],Nuclear plant valve malfunction results in unchecked material release. [H-8],False
288,Hydraulic leak prevents adequate brake pressure application. [H-4.1],"Inadequate runway friction leads to extended landing roll, risking safety. [H-4.1]",False
289,Structural failure of aircraft wing results in loss of airframe integrity. [H-2],Brake command transmission delay due to network congestion causes late brake application. [H-4.1],False
290,Structural failure of aircraft wing results in loss of airframe integrity. [H-2],Tire burst during landing roll causes deviation from runway. [H-3],False
291,Ground proximity system failure leads to aircraft nearing other ground objects. [H-4],Actuator delay results in insufficient braking force during landing. [H-4.1],True
292,"Miscommunication between crew and BSCU, failing to apply brakes during landing roll. [H-4.1]",Autopilot disengagement error results in improper descent path. [H-6],False
293,Brake system power-off too early interrupting necessary deceleration. [H-4.1],Communication lag leads to failure in timely satellite repositioning for data collection. [H-5],False
294,Brake system power-off too early interrupting necessary deceleration. [H-4.1],Software crash causes temporary loss of satellite data acquisition capabilities. [H-5],False
295,UAV’s data link failure leads to incomplete surveillance mission. [H-7],Crew intervention in normal braking leads to unnecessary power-off of BSCU. [H-4.1],False
296,Crew intervention in normal braking leads to unnecessary power-off of BSCU. [H-4.1],Pilot error in thrust control leads to unsafe proximity to terrain during descent. [H-6],True
297,"Wind shear encounter causes deviation from flight path, compromising separation. [H-1]",Software crash causes temporary loss of satellite data acquisition capabilities. [H-5],False
298,Nuclear plant valve malfunction results in unchecked material release. [H-8],BSCU manual override misinterpretation fails to apply necessary braking. [H-4.1],False
299,Crew's incorrect power-off decision causes unnecessary brake failure. [H-4.1],Crew intervention in normal braking leads to unnecessary power-off of BSCU. [H-4.1],True
300,Malfunction in UAV’s navigation system prevents mission completion. [H-7],Crew’s failure to acknowledge sensor alerts results in delay in power-off action. [H-4.1],False
301,Structural failure of aircraft wing results in loss of airframe integrity. [H-2],"Wet runway impacts braking efficiency, causing deceleration issues. [H-4.1]",False
302,"Crew misinterprets autobrake feedback, delaying power-off decision. [H-4.1]",Failure in autobrake controller logic leads to brake application error during landing. [H-4.1],True
303,Terrain detection issue causes aircraft to drift too close to a mountain. [H-6],Brake command transmission delay due to network congestion causes late brake application. [H-4.1],False
304,Tire burst during landing roll causes deviation from runway. [H-3],Weather-induced loss of control disrupts mission timeline. [H-4],False
305,Autobrake controller incorrectly activates in normal takeoff scenario. [H-4.3],BSCU software error causes braking delay beyond specified time after touchdown. [H-4.1],True
306,Crew intervention in normal braking leads to unnecessary power-off of BSCU. [H-4.1],Crew’s failure to acknowledge sensor alerts results in delay in power-off action. [H-4.1],True
307,Hydraulic leak prevents adequate brake pressure application. [H-4.1],In-flight control system reset results in temporary loss of navigation capabilities. [H-4],False
308,Crew's incorrect power-off decision causes unnecessary brake failure. [H-4.1],Hydraulic failure leads to asymmetric brake application. [H-4.2],False
309,Hydraulic leak prevents adequate brake pressure application. [H-4.1],Ground radar failure results in aircraft collision with ground object. [H-4],False
310,"Sensor misalignment reports incorrect ground proximity, leading to hazards. [H-4]","Wind shear encounter causes deviation from flight path, compromising separation. [H-1]",False
311,BSCU software error causes braking delay beyond specified time after touchdown. [H-4.1],"Sensor misalignment reports incorrect ground proximity, leading to hazards. [H-4]",False
312,Satellite communication error prevents scientific data collection. [H-5],"Inadequate runway friction leads to extended landing roll, risking safety. [H-4.1]",False
313,In-flight control system reset results in temporary loss of navigation capabilities. [H-4],"BSCU fails to disarm post-landing, resulting in abrupt brake engagement. [H-4.1]",False
314,Crew's incorrect power-off decision causes unnecessary brake failure. [H-4.1],Failure in autobrake controller logic leads to brake application error during landing. [H-4.1],True
315,"Cargo aircraft inadvertently releases cargo mid-flight, violating separation standards. [H-1]","Sensor misalignment reports incorrect ground proximity, leading to hazards. [H-4]",False
316,Crew's incorrect power-off decision causes unnecessary brake failure. [H-4.1],"Sensor failure misindicates aircraft stop, halting brake application prematurely. [H-4.1]",False
317,Late feedback to BSCU results in delayed braking upon touchdown. [H-4.1],Hydraulic leak prevents adequate brake pressure application. [H-4.1],True
318,"Miscommunication between crew and BSCU, failing to apply brakes during landing roll. [H-4.1]","Wind shear encounter causes deviation from flight path, compromising separation. [H-1]",False
319,BSCU software error causes braking delay beyond specified time after touchdown. [H-4.1],Failure in autobrake controller logic leads to brake application error during landing. [H-4.1],True
320,Structural failure of aircraft wing results in loss of airframe integrity. [H-2],UAV’s data link failure leads to incomplete surveillance mission. [H-7],False
321,Malfunction in UAV’s navigation system prevents mission completion. [H-7],Crew ignores braking system warnings due to unclear procedures. [H-4.1],False
322,Asymmetrical braking applied due to hydraulic system imbalance. [H-4.2],BSCU manual override misinterpretation fails to apply necessary braking. [H-4.1],True
323,BSCU software error causes braking delay beyond specified time after touchdown. [H-4.1],"BSCU fails to disarm post-landing, resulting in abrupt brake engagement. [H-4.1]",True
324,Brake command transmission delay due to network congestion causes late brake application. [H-4.1],Software crash causes temporary loss of satellite data acquisition capabilities. [H-5],False
325,Malfunction in UAV’s navigation system prevents mission completion. [H-7],Crew's incorrect power-off decision causes unnecessary brake failure. [H-4.1],False
326,"Wet runway impacts braking efficiency, causing deceleration issues. [H-4.1]",Failure in autobrake controller logic leads to brake application error during landing. [H-4.1],True
327,"Sensor failure misindicates aircraft stop, halting brake application prematurely. [H-4.1]",Hydraulic leak prevents adequate brake pressure application. [H-4.1],True
328,Terrain detection issue causes aircraft to drift too close to a mountain. [H-6],BSCU software error causes braking delay beyond specified time after touchdown. [H-4.1],False
329,Aircraft taxiing system error causes deviation from designated taxiway. [H-3],Crew's late response to abnormal WBS handling results in safety compromise. [H-4.1],False
330,"Inadequate runway friction leads to extended landing roll, risking safety. [H-4.1]",Pilot error in thrust control leads to unsafe proximity to terrain during descent. [H-6],False
331,Power surge in BSCU disrupts normal braking sequence. [H-4.1],Brake command transmission delay due to network congestion causes late brake application. [H-4.1],False
332,Brake system power-off too early interrupting necessary deceleration. [H-4.1],"Sensor misalignment reports incorrect ground proximity, leading to hazards. [H-4]",False
333,Aircraft taxiing system error causes deviation from designated taxiway. [H-3],GPS failure results in UAV deviating from mission path. [H-4],True
334,Terrain detection issue causes aircraft to drift too close to a mountain. [H-6],"Wind shear encounter causes deviation from flight path, compromising separation. [H-1]",False
335,"Miscommunication between crew and BSCU, failing to apply brakes during landing roll. [H-4.1]",Tire burst during landing roll causes deviation from runway. [H-3],False
336,Structural failure of aircraft wing results in loss of airframe integrity. [H-2],Communication lag leads to failure in timely satellite repositioning for data collection. [H-5],False
337,Communication lag leads to failure in timely satellite repositioning for data collection. [H-5],Hydraulic control failure results in insufficient braking power application. [H-4.1],False
338,GPS failure results in UAV deviating from mission path. [H-4],Late crew response to autobrake anomaly leads to braking inefficiencies. [H-4.1],True
339,Autobrake controller incorrectly activates in normal takeoff scenario. [H-4.3],"Sensor failure misindicates aircraft stop, halting brake application prematurely. [H-4.1]",False
340,Ground proximity system failure leads to aircraft nearing other ground objects. [H-4],"Miscommunication between crew and BSCU, failing to apply brakes during landing roll. [H-4.1]",True
341,Failure in autobrake controller logic leads to brake application error during landing. [H-4.1],Late crew response to autobrake anomaly leads to braking inefficiencies. [H-4.1],True
342,"Aircraft navigation error leads to unanticipated altitude drop, risking separation. [H-1]",BSCU manual override misinterpretation fails to apply necessary braking. [H-4.1],False
343,"Aircraft autopilot malfunctions mid-flight, leading to loss of minimum separation standards. [H-1]",Crew intervention in normal braking leads to unnecessary power-off of BSCU. [H-4.1],False
344,GPS failure results in UAV deviating from mission path. [H-4],Nuclear plant valve malfunction results in unchecked material release. [H-8],True
345,"Sensor failure misindicates aircraft stop, halting brake application prematurely. [H-4.1]",Software crash causes temporary loss of satellite data acquisition capabilities. [H-5],False
346,Ground proximity system failure leads to aircraft nearing other ground objects. [H-4],BSCU software error causes braking delay beyond specified time after touchdown. [H-4.1],False
347,"Crew misinterprets autobrake feedback, delaying power-off decision. [H-4.1]",Tire burst during landing roll causes deviation from runway. [H-3],False
348,"Sensor misalignment reports incorrect ground proximity, leading to hazards. [H-4]",Ground radar failure results in aircraft collision with ground object. [H-4],True
349,Autopilot disengagement error results in improper descent path. [H-6],In-flight control system reset results in temporary loss of navigation capabilities. [H-4],False
350,Autobrake system erroneously applies breaks during takeoff. [H-4.3],Weather-induced loss of control disrupts mission timeline. [H-4],False
351,"Aircraft autopilot malfunctions mid-flight, leading to loss of minimum separation standards. [H-1]","Aircraft navigation error leads to unanticipated altitude drop, risking separation. [H-1]",True
352,Crew's incorrect power-off decision causes unnecessary brake failure. [H-4.1],Autopilot disengagement error results in improper descent path. [H-6],False
353,Structural failure of aircraft wing results in loss of airframe integrity. [H-2],Actuator delay results in insufficient braking force during landing. [H-4.1],False
354,Pilot error in thrust control leads to unsafe proximity to terrain during descent. [H-6],Crew’s failure to acknowledge sensor alerts results in delay in power-off action. [H-4.1],True
355,Terrain detection issue causes aircraft to drift too close to a mountain. [H-6],"Crew misinterprets autobrake feedback, delaying power-off decision. [H-4.1]",False
356,Control system failure at nuclear plant leads to dangerous material release. [H-8],Software crash causes temporary loss of satellite data acquisition capabilities. [H-5],False
357,Crew's incorrect power-off decision causes unnecessary brake failure. [H-4.1],Hydraulic leak prevents adequate brake pressure application. [H-4.1],False
358,Malfunction in UAV’s navigation system prevents mission completion. [H-7],Software crash causes temporary loss of satellite data acquisition capabilities. [H-5],False
359,Aircraft taxiing system error causes deviation from designated taxiway. [H-3],Actuator delay results in insufficient braking force during landing. [H-4.1],False
360,Late feedback to BSCU results in delayed braking upon touchdown. [H-4.1],"Sensor misalignment reports incorrect ground proximity, leading to hazards. [H-4]",True
361,"Wet runway impacts braking efficiency, causing deceleration issues. [H-4.1]","Inadequate runway friction leads to extended landing roll, risking safety. [H-4.1]",True
362,Hydraulic failure leads to asymmetric brake application. [H-4.2],In-flight control system reset results in temporary loss of navigation capabilities. [H-4],False
363,"Wind shear encounter causes deviation from flight path, compromising separation. [H-1]",Communication lag leads to failure in timely satellite repositioning for data collection. [H-5],False
364,Structural failure of aircraft wing results in loss of airframe integrity. [H-2],Autobrake controller incorrectly activates in normal takeoff scenario. [H-4.3],False
365,Malfunction in UAV’s navigation system prevents mission completion. [H-7],Actuator delay results in insufficient braking force during landing. [H-4.1],True
366,Asymmetrical braking applied due to hydraulic system imbalance. [H-4.2],Communication lag leads to failure in timely satellite repositioning for data collection. [H-5],False
367,"Wet runway impacts braking efficiency, causing deceleration issues. [H-4.1]",Nuclear plant valve malfunction results in unchecked material release. [H-8],False
368,Terrain detection issue causes aircraft to drift too close to a mountain. [H-6],Autobrake system erroneously applies breaks during takeoff. [H-4.3],False
369,Crew ignores braking system warnings due to unclear procedures. [H-4.1],BSCU software error causes braking delay beyond specified time after touchdown. [H-4.1],True
370,"Aircraft autopilot malfunctions mid-flight, leading to loss of minimum separation standards. [H-1]",Asymmetrical braking applied due to hydraulic system imbalance. [H-4.2],False
371,"Wet runway impacts braking efficiency, causing deceleration issues. [H-4.1]",Pilot error in thrust control leads to unsafe proximity to terrain during descent. [H-6],False
372,Asymmetrical braking applied due to hydraulic system imbalance. [H-4.2],"Crew misinterprets autobrake feedback, delaying power-off decision. [H-4.1]",False
373,"Wind shear encounter causes deviation from flight path, compromising separation. [H-1]",Early termination of brake command resulting in extended runway use. [H-4.1],False
374,Nuclear plant valve malfunction results in unchecked material release. [H-8],Brake command transmission delay due to network congestion causes late brake application. [H-4.1],False
375,Ground proximity system failure leads to aircraft nearing other ground objects. [H-4],GPS failure results in UAV deviating from mission path. [H-4],True
376,Crew's incorrect power-off decision causes unnecessary brake failure. [H-4.1],Asymmetrical braking applied due to hydraulic system imbalance. [H-4.2],False
377,Autopilot disengagement error results in improper descent path. [H-6],"BSCU fails to disarm post-landing, resulting in abrupt brake engagement. [H-4.1]",False
378,Terrain detection issue causes aircraft to drift too close to a mountain. [H-6],Communication lag leads to failure in timely satellite repositioning for data collection. [H-5],False
379,Structural failure of aircraft wing results in loss of airframe integrity. [H-2],BSCU software error causes braking delay beyond specified time after touchdown. [H-4.1],False
380,"Sensor failure misindicates aircraft stop, halting brake application prematurely. [H-4.1]",Crew’s failure to acknowledge sensor alerts results in delay in power-off action. [H-4.1],True
381,"Sensor failure misindicates aircraft stop, halting brake application prematurely. [H-4.1]",Crew's late response to abnormal WBS handling results in safety compromise. [H-4.1],True
382,Late feedback to BSCU results in delayed braking upon touchdown. [H-4.1],Power surge in BSCU disrupts normal braking sequence. [H-4.1],True
383,Hydraulic failure leads to asymmetric brake application. [H-4.2],Pilot error in thrust control leads to unsafe proximity to terrain during descent. [H-6],False
384,Ground proximity system failure leads to aircraft nearing other ground objects. [H-4],Crew’s failure to acknowledge sensor alerts results in delay in power-off action. [H-4.1],False
385,Satellite communication error prevents scientific data collection. [H-5],Ground radar failure results in aircraft collision with ground object. [H-4],True
386,"Sensor failure misindicates aircraft stop, halting brake application prematurely. [H-4.1]","Aircraft navigation error leads to unanticipated altitude drop, risking separation. [H-1]",False
387,Hydraulic control failure results in insufficient braking power application. [H-4.1],Early termination of brake command resulting in extended runway use. [H-4.1],True
388,Malfunction in UAV’s navigation system prevents mission completion. [H-7],Tire burst during landing roll causes deviation from runway. [H-3],False
389,Brake system power-off too early interrupting necessary deceleration. [H-4.1],Asymmetrical braking applied due to hydraulic system imbalance. [H-4.2],True
390,Hydraulic control failure results in insufficient braking power application. [H-4.1],Ground radar failure results in aircraft collision with ground object. [H-4],True
391,Actuator delay results in insufficient braking force during landing. [H-4.1],Communication lag leads to failure in timely satellite repositioning for data collection. [H-5],False
392,Actuator delay results in insufficient braking force during landing. [H-4.1],"Cargo aircraft inadvertently releases cargo mid-flight, violating separation standards. [H-1]",False
393,Crew intervention in normal braking leads to unnecessary power-off of BSCU. [H-4.1],Weather-induced loss of control disrupts mission timeline. [H-4],False
394,UAV’s data link failure leads to incomplete surveillance mission. [H-7],Power surge in BSCU disrupts normal braking sequence. [H-4.1],True
395,Aircraft taxiing system error causes deviation from designated taxiway. [H-3],Autobrake system erroneously applies breaks during takeoff. [H-4.3],False
396,"Aircraft autopilot malfunctions mid-flight, leading to loss of minimum separation standards. [H-1]",Brake command transmission delay due to network congestion causes late brake application. [H-4.1],True
397,Brake system power-off too early interrupting necessary deceleration. [H-4.1],Pilot error in thrust control leads to unsafe proximity to terrain during descent. [H-6],False
398,"Aircraft autopilot malfunctions mid-flight, leading to loss of minimum separation standards. [H-1]","Wet runway impacts braking efficiency, causing deceleration issues. [H-4.1]",False
399,Satellite communication error prevents scientific data collection. [H-5],"BSCU fails to disarm post-landing, resulting in abrupt brake engagement. [H-4.1]",False
400,"Miscommunication between crew and BSCU, failing to apply brakes during landing roll. [H-4.1]",Ground radar failure results in aircraft collision with ground object. [H-4],False
401,Power surge in BSCU disrupts normal braking sequence. [H-4.1],In-flight control system reset results in temporary loss of navigation capabilities. [H-4],False
402,Malfunction in UAV’s navigation system prevents mission completion. [H-7],"BSCU fails to disarm post-landing, resulting in abrupt brake engagement. [H-4.1]",True
403,"Crew misinterprets autobrake feedback, delaying power-off decision. [H-4.1]","Sensor misalignment reports incorrect ground proximity, leading to hazards. [H-4]",True
404,"Aircraft autopilot malfunctions mid-flight, leading to loss of minimum separation standards. [H-1]","Sensor failure misindicates aircraft stop, halting brake application prematurely. [H-4.1]",True
405,Brake command transmission delay due to network congestion causes late brake application. [H-4.1],Failure in autobrake controller logic leads to brake application error during landing. [H-4.1],True
406,Pilot error in thrust control leads to unsafe proximity to terrain during descent. [H-6],Software crash causes temporary loss of satellite data acquisition capabilities. [H-5],False
407,Autobrake controller incorrectly activates in normal takeoff scenario. [H-4.3],Brake command transmission delay due to network congestion causes late brake application. [H-4.1],False
408,"Wind shear encounter causes deviation from flight path, compromising separation. [H-1]",Autopilot disengagement error results in improper descent path. [H-6],False
409,Software crash causes temporary loss of satellite data acquisition capabilities. [H-5],Ground radar failure results in aircraft collision with ground object. [H-4],False
410,Satellite communication error prevents scientific data collection. [H-5],"Crew misinterprets autobrake feedback, delaying power-off decision. [H-4.1]",False
411,UAV’s data link failure leads to incomplete surveillance mission. [H-7],BSCU manual override misinterpretation fails to apply necessary braking. [H-4.1],False
412,"Sensor misalignment reports incorrect ground proximity, leading to hazards. [H-4]",BSCU manual override misinterpretation fails to apply necessary braking. [H-4.1],False
413,Hydraulic leak prevents adequate brake pressure application. [H-4.1],BSCU software error causes braking delay beyond specified time after touchdown. [H-4.1],False
414,Autobrake system erroneously applies breaks during takeoff. [H-4.3],In-flight control system reset results in temporary loss of navigation capabilities. [H-4],False
415,Crew's incorrect power-off decision causes unnecessary brake failure. [H-4.1],"Crew misinterprets autobrake feedback, delaying power-off decision. [H-4.1]",True
416,Control system failure at nuclear plant leads to dangerous material release. [H-8],Autobrake controller incorrectly activates in normal takeoff scenario. [H-4.3],False
417,Autobrake controller incorrectly activates in normal takeoff scenario. [H-4.3],"Sensor misalignment reports incorrect ground proximity, leading to hazards. [H-4]",False
418,Satellite communication error prevents scientific data collection. [H-5],Tire burst during landing roll causes deviation from runway. [H-3],True
419,Malfunction in UAV’s navigation system prevents mission completion. [H-7],Communication lag leads to failure in timely satellite repositioning for data collection. [H-5],True
420,Ground proximity system failure leads to aircraft nearing other ground objects. [H-4],Pilot error in thrust control leads to unsafe proximity to terrain during descent. [H-6],False
421,"Wet runway impacts braking efficiency, causing deceleration issues. [H-4.1]",Hydraulic failure leads to asymmetric brake application. [H-4.2],True
422,Crew's incorrect power-off decision causes unnecessary brake failure. [H-4.1],UAV’s data link failure leads to incomplete surveillance mission. [H-7],True
423,Late feedback to BSCU results in delayed braking upon touchdown. [H-4.1],Failure in autobrake controller logic leads to brake application error during landing. [H-4.1],True
424,Failure in autobrake controller logic leads to brake application error during landing. [H-4.1],Hydraulic control failure results in insufficient braking power application. [H-4.1],True
425,Autobrake controller incorrectly activates in normal takeoff scenario. [H-4.3],BSCU manual override misinterpretation fails to apply necessary braking. [H-4.1],False
426,Power surge in BSCU disrupts normal braking sequence. [H-4.1],Crew’s failure to acknowledge sensor alerts results in delay in power-off action. [H-4.1],False
427,Hydraulic failure leads to asymmetric brake application. [H-4.2],Power surge in BSCU disrupts normal braking sequence. [H-4.1],False
428,Satellite communication error prevents scientific data collection. [H-5],In-flight control system reset results in temporary loss of navigation capabilities. [H-4],False
429,"Miscommunication between crew and BSCU, failing to apply brakes during landing roll. [H-4.1]",Brake system power-off too early interrupting necessary deceleration. [H-4.1],True
430,Tire burst during landing roll causes deviation from runway. [H-3],Late crew response to autobrake anomaly leads to braking inefficiencies. [H-4.1],False
431,Satellite communication error prevents scientific data collection. [H-5],Hydraulic control failure results in insufficient braking power application. [H-4.1],False
432,UAV’s data link failure leads to incomplete surveillance mission. [H-7],Late crew response to autobrake anomaly leads to braking inefficiencies. [H-4.1],False
433,GPS failure results in UAV deviating from mission path. [H-4],Crew's late response to abnormal WBS handling results in safety compromise. [H-4.1],True
434,Control system failure at nuclear plant leads to dangerous material release. [H-8],"Cargo aircraft inadvertently releases cargo mid-flight, violating separation standards. [H-1]",False
435,Ground proximity system failure leads to aircraft nearing other ground objects. [H-4],Crew's late response to abnormal WBS handling results in safety compromise. [H-4.1],True
436,Crew ignores braking system warnings due to unclear procedures. [H-4.1],Crew's incorrect power-off decision causes unnecessary brake failure. [H-4.1],False
437,"Sensor misalignment reports incorrect ground proximity, leading to hazards. [H-4]",In-flight control system reset results in temporary loss of navigation capabilities. [H-4],False
438,Asymmetrical braking applied due to hydraulic system imbalance. [H-4.2],UAV’s data link failure leads to incomplete surveillance mission. [H-7],False
439,Actuator delay results in insufficient braking force during landing. [H-4.1],Hydraulic control failure results in insufficient braking power application. [H-4.1],True
440,Asymmetrical braking applied due to hydraulic system imbalance. [H-4.2],"Wet runway impacts braking efficiency, causing deceleration issues. [H-4.1]",False
441,"Wet runway impacts braking efficiency, causing deceleration issues. [H-4.1]",Brake command transmission delay due to network congestion causes late brake application. [H-4.1],True
442,Late feedback to BSCU results in delayed braking upon touchdown. [H-4.1],Autobrake system erroneously applies breaks during takeoff. [H-4.3],False
443,Brake system power-off too early interrupting necessary deceleration. [H-4.1],Weather-induced loss of control disrupts mission timeline. [H-4],False
444,BSCU manual override misinterpretation fails to apply necessary braking. [H-4.1],Late crew response to autobrake anomaly leads to braking inefficiencies. [H-4.1],True
445,Autobrake system erroneously applies breaks during takeoff. [H-4.3],Power surge in BSCU disrupts normal braking sequence. [H-4.1],False
446,Crew's late response to abnormal WBS handling results in safety compromise. [H-4.1],Ground radar failure results in aircraft collision with ground object. [H-4],False
447,Hydraulic leak prevents adequate brake pressure application. [H-4.1],Autopilot disengagement error results in improper descent path. [H-6],False
448,"Wet runway impacts braking efficiency, causing deceleration issues. [H-4.1]",Crew's late response to abnormal WBS handling results in safety compromise. [H-4.1],False
449,Nuclear plant valve malfunction results in unchecked material release. [H-8],"Crew misinterprets autobrake feedback, delaying power-off decision. [H-4.1]",False
450,Hydraulic leak prevents adequate brake pressure application. [H-4.1],Hydraulic control failure results in insufficient braking power application. [H-4.1],True
451,Terrain detection issue causes aircraft to drift too close to a mountain. [H-6],Failure in autobrake controller logic leads to brake application error during landing. [H-4.1],False
452,Late feedback to BSCU results in delayed braking upon touchdown. [H-4.1],Autobrake controller incorrectly activates in normal takeoff scenario. [H-4.3],False
453,Crew ignores braking system warnings due to unclear procedures. [H-4.1],Autopilot disengagement error results in improper descent path. [H-6],False
454,Crew ignores braking system warnings due to unclear procedures. [H-4.1],"Crew misinterprets autobrake feedback, delaying power-off decision. [H-4.1]",True
455,Control system failure at nuclear plant leads to dangerous material release. [H-8],Pilot error in thrust control leads to unsafe proximity to terrain during descent. [H-6],False
456,Terrain detection issue causes aircraft to drift too close to a mountain. [H-6],"Inadequate runway friction leads to extended landing roll, risking safety. [H-4.1]",False
457,"Sensor failure misindicates aircraft stop, halting brake application prematurely. [H-4.1]",Nuclear plant valve malfunction results in unchecked material release. [H-8],False
458,Ground proximity system failure leads to aircraft nearing other ground objects. [H-4],In-flight control system reset results in temporary loss of navigation capabilities. [H-4],False
459,Hydraulic failure leads to asymmetric brake application. [H-4.2],"Aircraft navigation error leads to unanticipated altitude drop, risking separation. [H-1]",False
460,Crew ignores braking system warnings due to unclear procedures. [H-4.1],"Cargo aircraft inadvertently releases cargo mid-flight, violating separation standards. [H-1]",False
461,BSCU software error causes braking delay beyond specified time after touchdown. [H-4.1],In-flight control system reset results in temporary loss of navigation capabilities. [H-4],True
462,Asymmetrical braking applied due to hydraulic system imbalance. [H-4.2],Autobrake system erroneously applies breaks during takeoff. [H-4.3],False
463,UAV’s data link failure leads to incomplete surveillance mission. [H-7],Hydraulic failure leads to asymmetric brake application. [H-4.2],True
464,Crew ignores braking system warnings due to unclear procedures. [H-4.1],Nuclear plant valve malfunction results in unchecked material release. [H-8],False
465,Autopilot disengagement error results in improper descent path. [H-6],Tire burst during landing roll causes deviation from runway. [H-3],False
466,Ground proximity system failure leads to aircraft nearing other ground objects. [H-4],Late crew response to autobrake anomaly leads to braking inefficiencies. [H-4.1],True
467,Late feedback to BSCU results in delayed braking upon touchdown. [H-4.1],Asymmetrical braking applied due to hydraulic system imbalance. [H-4.2],False
468,Hydraulic leak prevents adequate brake pressure application. [H-4.1],Late crew response to autobrake anomaly leads to braking inefficiencies. [H-4.1],True
469,Aircraft taxiing system error causes deviation from designated taxiway. [H-3],Ground radar failure results in aircraft collision with ground object. [H-4],False
470,Actuator delay results in insufficient braking force during landing. [H-4.1],BSCU software error causes braking delay beyond specified time after touchdown. [H-4.1],True
471,"Crew misinterprets autobrake feedback, delaying power-off decision. [H-4.1]",Weather-induced loss of control disrupts mission timeline. [H-4],False
472,Late feedback to BSCU results in delayed braking upon touchdown. [H-4.1],Late crew response to autobrake anomaly leads to braking inefficiencies. [H-4.1],True
473,"Aircraft autopilot malfunctions mid-flight, leading to loss of minimum separation standards. [H-1]","Inadequate runway friction leads to extended landing roll, risking safety. [H-4.1]",True
474,Brake system power-off too early interrupting necessary deceleration. [H-4.1],GPS failure results in UAV deviating from mission path. [H-4],False
475,Late feedback to BSCU results in delayed braking upon touchdown. [H-4.1],Weather-induced loss of control disrupts mission timeline. [H-4],False
476,Ground proximity system failure leads to aircraft nearing other ground objects. [H-4],Communication lag leads to failure in timely satellite repositioning for data collection. [H-5],False
477,Autobrake system erroneously applies breaks during takeoff. [H-4.3],Crew's late response to abnormal WBS handling results in safety compromise. [H-4.1],False
478,Aircraft taxiing system error causes deviation from designated taxiway. [H-3],Ground proximity system failure leads to aircraft nearing other ground objects. [H-4],False
479,Control system failure at nuclear plant leads to dangerous material release. [H-8],Hydraulic leak prevents adequate brake pressure application. [H-4.1],False
480,Actuator delay results in insufficient braking force during landing. [H-4.1],Crew's late response to abnormal WBS handling results in safety compromise. [H-4.1],False
481,"Sensor misalignment reports incorrect ground proximity, leading to hazards. [H-4]",Failure in autobrake controller logic leads to brake application error during landing. [H-4.1],True
482,Weather-induced loss of control disrupts mission timeline. [H-4],Late crew response to autobrake anomaly leads to braking inefficiencies. [H-4.1],True
483,Terrain detection issue causes aircraft to drift too close to a mountain. [H-6],Autobrake controller incorrectly activates in normal takeoff scenario. [H-4.3],False
484,"Wind shear encounter causes deviation from flight path, compromising separation. [H-1]","BSCU fails to disarm post-landing, resulting in abrupt brake engagement. [H-4.1]",False
485,Late feedback to BSCU results in delayed braking upon touchdown. [H-4.1],"Crew misinterprets autobrake feedback, delaying power-off decision. [H-4.1]",True
486,Power surge in BSCU disrupts normal braking sequence. [H-4.1],Hydraulic control failure results in insufficient braking power application. [H-4.1],True
487,Terrain detection issue causes aircraft to drift too close to a mountain. [H-6],Crew intervention in normal braking leads to unnecessary power-off of BSCU. [H-4.1],False
488,Actuator delay results in insufficient braking force during landing. [H-4.1],"BSCU fails to disarm post-landing, resulting in abrupt brake engagement. [H-4.1]",False
489,Crew intervention in normal braking leads to unnecessary power-off of BSCU. [H-4.1],Brake command transmission delay due to network congestion causes late brake application. [H-4.1],True
490,"Cargo aircraft inadvertently releases cargo mid-flight, violating separation standards. [H-1]","BSCU fails to disarm post-landing, resulting in abrupt brake engagement. [H-4.1]",False
491,Nuclear plant valve malfunction results in unchecked material release. [H-8],Failure in autobrake controller logic leads to brake application error during landing. [H-4.1],False
492,"Cargo aircraft inadvertently releases cargo mid-flight, violating separation standards. [H-1]",Autopilot disengagement error results in improper descent path. [H-6],False
493,Aircraft taxiing system error causes deviation from designated taxiway. [H-3],"Miscommunication between crew and BSCU, failing to apply brakes during landing roll. [H-4.1]",False
494,Ground radar failure results in aircraft collision with ground object. [H-4],Late crew response to autobrake anomaly leads to braking inefficiencies. [H-4.1],True
495,"Aircraft autopilot malfunctions mid-flight, leading to loss of minimum separation standards. [H-1]",BSCU software error causes braking delay beyond specified time after touchdown. [H-4.1],True
496,UAV’s data link failure leads to incomplete surveillance mission. [H-7],"BSCU fails to disarm post-landing, resulting in abrupt brake engagement. [H-4.1]",False
497,Asymmetrical braking applied due to hydraulic system imbalance. [H-4.2],Actuator delay results in insufficient braking force during landing. [H-4.1],False
498,In-flight control system reset results in temporary loss of navigation capabilities. [H-4],Brake command transmission delay due to network congestion causes late brake application. [H-4.1],True
499,Power surge in BSCU disrupts normal braking sequence. [H-4.1],Communication lag leads to failure in timely satellite repositioning for data collection. [H-5],False
500,"Wind shear encounter causes deviation from flight path, compromising separation. [H-1]",Pilot error in thrust control leads to unsafe proximity to terrain during descent. [H-6],False
501,"Miscommunication between crew and BSCU, failing to apply brakes during landing roll. [H-4.1]",Communication lag leads to failure in timely satellite repositioning for data collection. [H-5],False
502,"Miscommunication between crew and BSCU, failing to apply brakes during landing roll. [H-4.1]",Crew's incorrect power-off decision causes unnecessary brake failure. [H-4.1],True
503,In-flight control system reset results in temporary loss of navigation capabilities. [H-4],Crew intervention in normal braking leads to unnecessary power-off of BSCU. [H-4.1],True
504,Crew's incorrect power-off decision causes unnecessary brake failure. [H-4.1],Crew’s failure to acknowledge sensor alerts results in delay in power-off action. [H-4.1],False
505,Late feedback to BSCU results in delayed braking upon touchdown. [H-4.1],GPS failure results in UAV deviating from mission path. [H-4],True
506,UAV’s data link failure leads to incomplete surveillance mission. [H-7],Weather-induced loss of control disrupts mission timeline. [H-4],False
507,"Sensor misalignment reports incorrect ground proximity, leading to hazards. [H-4]","Aircraft navigation error leads to unanticipated altitude drop, risking separation. [H-1]",False
508,Terrain detection issue causes aircraft to drift too close to a mountain. [H-6],"Sensor failure misindicates aircraft stop, halting brake application prematurely. [H-4.1]",False
509,Autopilot disengagement error results in improper descent path. [H-6],Crew’s failure to acknowledge sensor alerts results in delay in power-off action. [H-4.1],False
510,Crew's incorrect power-off decision causes unnecessary brake failure. [H-4.1],Power surge in BSCU disrupts normal braking sequence. [H-4.1],True
511,Autobrake system erroneously applies breaks during takeoff. [H-4.3],"Aircraft navigation error leads to unanticipated altitude drop, risking separation. [H-1]",False
512,"Crew misinterprets autobrake feedback, delaying power-off decision. [H-4.1]",Pilot error in thrust control leads to unsafe proximity to terrain during descent. [H-6],False
513,Nuclear plant valve malfunction results in unchecked material release. [H-8],Power surge in BSCU disrupts normal braking sequence. [H-4.1],False
514,"Wet runway impacts braking efficiency, causing deceleration issues. [H-4.1]",BSCU manual override misinterpretation fails to apply necessary braking. [H-4.1],True
515,"Aircraft autopilot malfunctions mid-flight, leading to loss of minimum separation standards. [H-1]",Weather-induced loss of control disrupts mission timeline. [H-4],False
516,Aircraft taxiing system error causes deviation from designated taxiway. [H-3],Communication lag leads to failure in timely satellite repositioning for data collection. [H-5],False
517,Control system failure at nuclear plant leads to dangerous material release. [H-8],Autobrake system erroneously applies breaks during takeoff. [H-4.3],False
518,Crew's late response to abnormal WBS handling results in safety compromise. [H-4.1],Late crew response to autobrake anomaly leads to braking inefficiencies. [H-4.1],True
519,Brake system power-off too early interrupting necessary deceleration. [H-4.1],Hydraulic failure leads to asymmetric brake application. [H-4.2],False
520,BSCU software error causes braking delay beyond specified time after touchdown. [H-4.1],Ground radar failure results in aircraft collision with ground object. [H-4],False
521,Brake system power-off too early interrupting necessary deceleration. [H-4.1],"Cargo aircraft inadvertently releases cargo mid-flight, violating separation standards. [H-1]",False
522,"Miscommunication between crew and BSCU, failing to apply brakes during landing roll. [H-4.1]",Crew ignores braking system warnings due to unclear procedures. [H-4.1],True
523,Asymmetrical braking applied due to hydraulic system imbalance. [H-4.2],Weather-induced loss of control disrupts mission timeline. [H-4],False
524,Autopilot disengagement error results in improper descent path. [H-6],Weather-induced loss of control disrupts mission timeline. [H-4],False
525,Asymmetrical braking applied due to hydraulic system imbalance. [H-4.2],Pilot error in thrust control leads to unsafe proximity to terrain during descent. [H-6],False
526,Hydraulic leak prevents adequate brake pressure application. [H-4.1],Hydraulic failure leads to asymmetric brake application. [H-4.2],False
527,Actuator delay results in insufficient braking force during landing. [H-4.1],Nuclear plant valve malfunction results in unchecked material release. [H-8],True
528,Crew ignores braking system warnings due to unclear procedures. [H-4.1],BSCU manual override misinterpretation fails to apply necessary braking. [H-4.1],True
529,"Miscommunication between crew and BSCU, failing to apply brakes during landing roll. [H-4.1]",Early termination of brake command resulting in extended runway use. [H-4.1],True
530,"Aircraft autopilot malfunctions mid-flight, leading to loss of minimum separation standards. [H-1]",Nuclear plant valve malfunction results in unchecked material release. [H-8],False
531,Brake system power-off too early interrupting necessary deceleration. [H-4.1],BSCU software error causes braking delay beyond specified time after touchdown. [H-4.1],False
532,Actuator delay results in insufficient braking force during landing. [H-4.1],Brake command transmission delay due to network congestion causes late brake application. [H-4.1],True
533,UAV’s data link failure leads to incomplete surveillance mission. [H-7],"Inadequate runway friction leads to extended landing roll, risking safety. [H-4.1]",False
534,"Miscommunication between crew and BSCU, failing to apply brakes during landing roll. [H-4.1]",Asymmetrical braking applied due to hydraulic system imbalance. [H-4.2],False
535,Structural failure of aircraft wing results in loss of airframe integrity. [H-2],Pilot error in thrust control leads to unsafe proximity to terrain during descent. [H-6],False
536,Satellite communication error prevents scientific data collection. [H-5],Malfunction in UAV’s navigation system prevents mission completion. [H-7],True
537,Late feedback to BSCU results in delayed braking upon touchdown. [H-4.1],"Wind shear encounter causes deviation from flight path, compromising separation. [H-1]",False
538,Terrain detection issue causes aircraft to drift too close to a mountain. [H-6],Hydraulic leak prevents adequate brake pressure application. [H-4.1],False
539,Control system failure at nuclear plant leads to dangerous material release. [H-8],BSCU manual override misinterpretation fails to apply necessary braking. [H-4.1],False
540,"Aircraft autopilot malfunctions mid-flight, leading to loss of minimum separation standards. [H-1]",Aircraft taxiing system error causes deviation from designated taxiway. [H-3],False
541,Nuclear plant valve malfunction results in unchecked material release. [H-8],Ground radar failure results in aircraft collision with ground object. [H-4],False
542,Malfunction in UAV’s navigation system prevents mission completion. [H-7],Autobrake system erroneously applies breaks during takeoff. [H-4.3],False
543,Ground proximity system failure leads to aircraft nearing other ground objects. [H-4],Control system failure at nuclear plant leads to dangerous material release. [H-8],True
544,Terrain detection issue causes aircraft to drift too close to a mountain. [H-6],"Wet runway impacts braking efficiency, causing deceleration issues. [H-4.1]",False
545,Brake system power-off too early interrupting necessary deceleration. [H-4.1],"Wet runway impacts braking efficiency, causing deceleration issues. [H-4.1]",True
546,Weather-induced loss of control disrupts mission timeline. [H-4],Crew’s failure to acknowledge sensor alerts results in delay in power-off action. [H-4.1],False
547,Crew's incorrect power-off decision causes unnecessary brake failure. [H-4.1],"BSCU fails to disarm post-landing, resulting in abrupt brake engagement. [H-4.1]",False
548,Software crash causes temporary loss of satellite data acquisition capabilities. [H-5],Early termination of brake command resulting in extended runway use. [H-4.1],False
549,Structural failure of aircraft wing results in loss of airframe integrity. [H-2],Hydraulic leak prevents adequate brake pressure application. [H-4.1],False
550,Crew ignores braking system warnings due to unclear procedures. [H-4.1],Crew intervention in normal braking leads to unnecessary power-off of BSCU. [H-4.1],True
551,Power surge in BSCU disrupts normal braking sequence. [H-4.1],Weather-induced loss of control disrupts mission timeline. [H-4],False
552,Actuator delay results in insufficient braking force during landing. [H-4.1],"Sensor failure misindicates aircraft stop, halting brake application prematurely. [H-4.1]",True
553,"Aircraft autopilot malfunctions mid-flight, leading to loss of minimum separation standards. [H-1]",Crew’s failure to acknowledge sensor alerts results in delay in power-off action. [H-4.1],True
554,"Wind shear encounter causes deviation from flight path, compromising separation. [H-1]",Crew’s failure to acknowledge sensor alerts results in delay in power-off action. [H-4.1],False
555,BSCU software error causes braking delay beyond specified time after touchdown. [H-4.1],Crew's late response to abnormal WBS handling results in safety compromise. [H-4.1],True
556,Actuator delay results in insufficient braking force during landing. [H-4.1],Power surge in BSCU disrupts normal braking sequence. [H-4.1],True
557,Malfunction in UAV’s navigation system prevents mission completion. [H-7],BSCU software error causes braking delay beyond specified time after touchdown. [H-4.1],False
558,BSCU software error causes braking delay beyond specified time after touchdown. [H-4.1],Hydraulic control failure results in insufficient braking power application. [H-4.1],True
559,"Sensor failure misindicates aircraft stop, halting brake application prematurely. [H-4.1]",UAV’s data link failure leads to incomplete surveillance mission. [H-7],False
560,"Sensor misalignment reports incorrect ground proximity, leading to hazards. [H-4]",Power surge in BSCU disrupts normal braking sequence. [H-4.1],True
561,"Sensor failure misindicates aircraft stop, halting brake application prematurely. [H-4.1]",Communication lag leads to failure in timely satellite repositioning for data collection. [H-5],False
562,BSCU software error causes braking delay beyond specified time after touchdown. [H-4.1],Crew’s failure to acknowledge sensor alerts results in delay in power-off action. [H-4.1],False
563,GPS failure results in UAV deviating from mission path. [H-4],BSCU software error causes braking delay beyond specified time after touchdown. [H-4.1],True
564,Power surge in BSCU disrupts normal braking sequence. [H-4.1],Tire burst during landing roll causes deviation from runway. [H-3],False
565,Structural failure of aircraft wing results in loss of airframe integrity. [H-2],Crew intervention in normal braking leads to unnecessary power-off of BSCU. [H-4.1],False
566,In-flight control system reset results in temporary loss of navigation capabilities. [H-4],BSCU manual override misinterpretation fails to apply necessary braking. [H-4.1],True
567,Autobrake system erroneously applies breaks during takeoff. [H-4.3],Early termination of brake command resulting in extended runway use. [H-4.1],False
568,Autobrake system erroneously applies breaks during takeoff. [H-4.3],"BSCU fails to disarm post-landing, resulting in abrupt brake engagement. [H-4.1]",True
569,Aircraft taxiing system error causes deviation from designated taxiway. [H-3],Late crew response to autobrake anomaly leads to braking inefficiencies. [H-4.1],True
570,Brake command transmission delay due to network congestion causes late brake application. [H-4.1],Early termination of brake command resulting in extended runway use. [H-4.1],True
571,"Wet runway impacts braking efficiency, causing deceleration issues. [H-4.1]","Aircraft navigation error leads to unanticipated altitude drop, risking separation. [H-1]",False
572,"Aircraft autopilot malfunctions mid-flight, leading to loss of minimum separation standards. [H-1]",Pilot error in thrust control leads to unsafe proximity to terrain during descent. [H-6],False
573,Actuator delay results in insufficient braking force during landing. [H-4.1],Pilot error in thrust control leads to unsafe proximity to terrain during descent. [H-6],False
574,GPS failure results in UAV deviating from mission path. [H-4],"Cargo aircraft inadvertently releases cargo mid-flight, violating separation standards. [H-1]",False
575,Control system failure at nuclear plant leads to dangerous material release. [H-8],Hydraulic failure leads to asymmetric brake application. [H-4.2],True
576,Aircraft taxiing system error causes deviation from designated taxiway. [H-3],Control system failure at nuclear plant leads to dangerous material release. [H-8],False
577,Control system failure at nuclear plant leads to dangerous material release. [H-8],Brake system power-off too early interrupting necessary deceleration. [H-4.1],False
578,"BSCU fails to disarm post-landing, resulting in abrupt brake engagement. [H-4.1]",Ground radar failure results in aircraft collision with ground object. [H-4],False
579,Crew's late response to abnormal WBS handling results in safety compromise. [H-4.1],Software crash causes temporary loss of satellite data acquisition capabilities. [H-5],False
580,"Miscommunication between crew and BSCU, failing to apply brakes during landing roll. [H-4.1]","Sensor misalignment reports incorrect ground proximity, leading to hazards. [H-4]",False
581,"Sensor failure misindicates aircraft stop, halting brake application prematurely. [H-4.1]",Pilot error in thrust control leads to unsafe proximity to terrain during descent. [H-6],False
582,Hydraulic leak prevents adequate brake pressure application. [H-4.1],Autobrake system erroneously applies breaks during takeoff. [H-4.3],True
583,"Cargo aircraft inadvertently releases cargo mid-flight, violating separation standards. [H-1]",Weather-induced loss of control disrupts mission timeline. [H-4],False
584,"Miscommunication between crew and BSCU, failing to apply brakes during landing roll. [H-4.1]",Crew's late response to abnormal WBS handling results in safety compromise. [H-4.1],True
585,Asymmetrical braking applied due to hydraulic system imbalance. [H-4.2],Brake command transmission delay due to network congestion causes late brake application. [H-4.1],False
586,Power surge in BSCU disrupts normal braking sequence. [H-4.1],Crew intervention in normal braking leads to unnecessary power-off of BSCU. [H-4.1],True
587,Structural failure of aircraft wing results in loss of airframe integrity. [H-2],Control system failure at nuclear plant leads to dangerous material release. [H-8],True
588,"Cargo aircraft inadvertently releases cargo mid-flight, violating separation standards. [H-1]",Autobrake system erroneously applies breaks during takeoff. [H-4.3],False
589,"Aircraft autopilot malfunctions mid-flight, leading to loss of minimum separation standards. [H-1]","Sensor misalignment reports incorrect ground proximity, leading to hazards. [H-4]",True
590,GPS failure results in UAV deviating from mission path. [H-4],"Wind shear encounter causes deviation from flight path, compromising separation. [H-1]",False
591,Nuclear plant valve malfunction results in unchecked material release. [H-8],Communication lag leads to failure in timely satellite repositioning for data collection. [H-5],False
592,Satellite communication error prevents scientific data collection. [H-5],Communication lag leads to failure in timely satellite repositioning for data collection. [H-5],True
593,"Inadequate runway friction leads to extended landing roll, risking safety. [H-4.1]",Brake command transmission delay due to network congestion causes late brake application. [H-4.1],True
594,Nuclear plant valve malfunction results in unchecked material release. [H-8],Crew's late response to abnormal WBS handling results in safety compromise. [H-4.1],False
595,"Wind shear encounter causes deviation from flight path, compromising separation. [H-1]","Aircraft navigation error leads to unanticipated altitude drop, risking separation. [H-1]",True
596,Brake system power-off too early interrupting necessary deceleration. [H-4.1],"Sensor failure misindicates aircraft stop, halting brake application prematurely. [H-4.1]",True
597,"Wet runway impacts braking efficiency, causing deceleration issues. [H-4.1]",Autobrake system erroneously applies breaks during takeoff. [H-4.3],False
598,"Cargo aircraft inadvertently releases cargo mid-flight, violating separation standards. [H-1]","Inadequate runway friction leads to extended landing roll, risking safety. [H-4.1]",False
599,Ground proximity system failure leads to aircraft nearing other ground objects. [H-4],"Cargo aircraft inadvertently releases cargo mid-flight, violating separation standards. [H-1]",False
600,Structural failure of aircraft wing results in loss of airframe integrity. [H-2],"Aircraft navigation error leads to unanticipated altitude drop, risking separation. [H-1]",False
601,GPS failure results in UAV deviating from mission path. [H-4],Hydraulic failure leads to asymmetric brake application. [H-4.2],True
602,Aircraft taxiing system error causes deviation from designated taxiway. [H-3],In-flight control system reset results in temporary loss of navigation capabilities. [H-4],True
603,Brake system power-off too early interrupting necessary deceleration. [H-4.1],UAV’s data link failure leads to incomplete surveillance mission. [H-7],False
604,Hydraulic leak prevents adequate brake pressure application. [H-4.1],Weather-induced loss of control disrupts mission timeline. [H-4],False
605,"Cargo aircraft inadvertently releases cargo mid-flight, violating separation standards. [H-1]",Late crew response to autobrake anomaly leads to braking inefficiencies. [H-4.1],False
606,"Miscommunication between crew and BSCU, failing to apply brakes during landing roll. [H-4.1]","Inadequate runway friction leads to extended landing roll, risking safety. [H-4.1]",True
607,Crew's incorrect power-off decision causes unnecessary brake failure. [H-4.1],GPS failure results in UAV deviating from mission path. [H-4],False
608,Hydraulic leak prevents adequate brake pressure application. [H-4.1],"Cargo aircraft inadvertently releases cargo mid-flight, violating separation standards. [H-1]",False
609,Terrain detection issue causes aircraft to drift too close to a mountain. [H-6],Crew's late response to abnormal WBS handling results in safety compromise. [H-4.1],False
610,Aircraft taxiing system error causes deviation from designated taxiway. [H-3],BSCU manual override misinterpretation fails to apply necessary braking. [H-4.1],False
611,Satellite communication error prevents scientific data collection. [H-5],UAV’s data link failure leads to incomplete surveillance mission. [H-7],True
612,"Wind shear encounter causes deviation from flight path, compromising separation. [H-1]",Tire burst during landing roll causes deviation from runway. [H-3],False
613,Late feedback to BSCU results in delayed braking upon touchdown. [H-4.1],In-flight control system reset results in temporary loss of navigation capabilities. [H-4],False
614,Brake system power-off too early interrupting necessary deceleration. [H-4.1],"Wind shear encounter causes deviation from flight path, compromising separation. [H-1]",False
615,Crew's incorrect power-off decision causes unnecessary brake failure. [H-4.1],Communication lag leads to failure in timely satellite repositioning for data collection. [H-5],True
616,"Miscommunication between crew and BSCU, failing to apply brakes during landing roll. [H-4.1]",Failure in autobrake controller logic leads to brake application error during landing. [H-4.1],True
617,Pilot error in thrust control leads to unsafe proximity to terrain during descent. [H-6],Hydraulic control failure results in insufficient braking power application. [H-4.1],False
618,"Wet runway impacts braking efficiency, causing deceleration issues. [H-4.1]",Hydraulic control failure results in insufficient braking power application. [H-4.1],True
619,Crew ignores braking system warnings due to unclear procedures. [H-4.1],Hydraulic leak prevents adequate brake pressure application. [H-4.1],True
620,Autobrake controller incorrectly activates in normal takeoff scenario. [H-4.3],"BSCU fails to disarm post-landing, resulting in abrupt brake engagement. [H-4.1]",True
621,"Sensor misalignment reports incorrect ground proximity, leading to hazards. [H-4]",Crew’s failure to acknowledge sensor alerts results in delay in power-off action. [H-4.1],False
622,GPS failure results in UAV deviating from mission path. [H-4],In-flight control system reset results in temporary loss of navigation capabilities. [H-4],True
623,"Crew misinterprets autobrake feedback, delaying power-off decision. [H-4.1]",Communication lag leads to failure in timely satellite repositioning for data collection. [H-5],False
624,Brake command transmission delay due to network congestion causes late brake application. [H-4.1],"BSCU fails to disarm post-landing, resulting in abrupt brake engagement. [H-4.1]",True
625,Terrain detection issue causes aircraft to drift too close to a mountain. [H-6],Actuator delay results in insufficient braking force during landing. [H-4.1],False
626,Brake system power-off too early interrupting necessary deceleration. [H-4.1],Tire burst during landing roll causes deviation from runway. [H-3],False
627,Terrain detection issue causes aircraft to drift too close to a mountain. [H-6],Crew ignores braking system warnings due to unclear procedures. [H-4.1],False
628,UAV’s data link failure leads to incomplete surveillance mission. [H-7],Failure in autobrake controller logic leads to brake application error during landing. [H-4.1],True
629,Malfunction in UAV’s navigation system prevents mission completion. [H-7],UAV’s data link failure leads to incomplete surveillance mission. [H-7],True
630,Asymmetrical braking applied due to hydraulic system imbalance. [H-4.2],Ground radar failure results in aircraft collision with ground object. [H-4],False
631,Crew ignores braking system warnings due to unclear procedures. [H-4.1],GPS failure results in UAV deviating from mission path. [H-4],False
632,Terrain detection issue causes aircraft to drift too close to a mountain. [H-6],Asymmetrical braking applied due to hydraulic system imbalance. [H-4.2],False
633,"Miscommunication between crew and BSCU, failing to apply brakes during landing roll. [H-4.1]","Wet runway impacts braking efficiency, causing deceleration issues. [H-4.1]",False
634,Tire burst during landing roll causes deviation from runway. [H-3],Software crash causes temporary loss of satellite data acquisition capabilities. [H-5],False
635,Late crew response to autobrake anomaly leads to braking inefficiencies. [H-4.1],Crew’s failure to acknowledge sensor alerts results in delay in power-off action. [H-4.1],True
636,Hydraulic leak prevents adequate brake pressure application. [H-4.1],"Aircraft navigation error leads to unanticipated altitude drop, risking separation. [H-1]",False
637,Ground proximity system failure leads to aircraft nearing other ground objects. [H-4],Hydraulic failure leads to asymmetric brake application. [H-4.2],True
638,"Inadequate runway friction leads to extended landing roll, risking safety. [H-4.1]",Weather-induced loss of control disrupts mission timeline. [H-4],False
639,Ground proximity system failure leads to aircraft nearing other ground objects. [H-4],Autobrake system erroneously applies breaks during takeoff. [H-4.3],False
640,Ground proximity system failure leads to aircraft nearing other ground objects. [H-4],Hydraulic leak prevents adequate brake pressure application. [H-4.1],True
641,"Inadequate runway friction leads to extended landing roll, risking safety. [H-4.1]",Communication lag leads to failure in timely satellite repositioning for data collection. [H-5],False
642,Asymmetrical braking applied due to hydraulic system imbalance. [H-4.2],"Wind shear encounter causes deviation from flight path, compromising separation. [H-1]",False
643,"Wind shear encounter causes deviation from flight path, compromising separation. [H-1]",Crew intervention in normal braking leads to unnecessary power-off of BSCU. [H-4.1],False
644,Nuclear plant valve malfunction results in unchecked material release. [H-8],Autopilot disengagement error results in improper descent path. [H-6],False
645,Control system failure at nuclear plant leads to dangerous material release. [H-8],Power surge in BSCU disrupts normal braking sequence. [H-4.1],True
646,"Wet runway impacts braking efficiency, causing deceleration issues. [H-4.1]",Software crash causes temporary loss of satellite data acquisition capabilities. [H-5],False
647,Communication lag leads to failure in timely satellite repositioning for data collection. [H-5],Weather-induced loss of control disrupts mission timeline. [H-4],False
648,Brake system power-off too early interrupting necessary deceleration. [H-4.1],Hydraulic control failure results in insufficient braking power application. [H-4.1],True
649,Brake command transmission delay due to network congestion causes late brake application. [H-4.1],Hydraulic control failure results in insufficient braking power application. [H-4.1],True
650,Crew intervention in normal braking leads to unnecessary power-off of BSCU. [H-4.1],Hydraulic control failure results in insufficient braking power application. [H-4.1],True
651,In-flight control system reset results in temporary loss of navigation capabilities. [H-4],Late crew response to autobrake anomaly leads to braking inefficiencies. [H-4.1],True
652,Nuclear plant valve malfunction results in unchecked material release. [H-8],Late crew response to autobrake anomaly leads to braking inefficiencies. [H-4.1],False
653,Crew's late response to abnormal WBS handling results in safety compromise. [H-4.1],Early termination of brake command resulting in extended runway use. [H-4.1],False
654,Hydraulic failure leads to asymmetric brake application. [H-4.2],Crew’s failure to acknowledge sensor alerts results in delay in power-off action. [H-4.1],False
655,Crew's late response to abnormal WBS handling results in safety compromise. [H-4.1],Power surge in BSCU disrupts normal braking sequence. [H-4.1],True
656,Satellite communication error prevents scientific data collection. [H-5],Crew's incorrect power-off decision causes unnecessary brake failure. [H-4.1],False
657,"Cargo aircraft inadvertently releases cargo mid-flight, violating separation standards. [H-1]",Communication lag leads to failure in timely satellite repositioning for data collection. [H-5],False
658,"Inadequate runway friction leads to extended landing roll, risking safety. [H-4.1]","Sensor misalignment reports incorrect ground proximity, leading to hazards. [H-4]",False
659,Satellite communication error prevents scientific data collection. [H-5],Crew intervention in normal braking leads to unnecessary power-off of BSCU. [H-4.1],False
660,Autobrake system erroneously applies breaks during takeoff. [H-4.3],Autopilot disengagement error results in improper descent path. [H-6],False
661,Tire burst during landing roll causes deviation from runway. [H-3],Crew’s failure to acknowledge sensor alerts results in delay in power-off action. [H-4.1],False
662,"Miscommunication between crew and BSCU, failing to apply brakes during landing roll. [H-4.1]","Sensor failure misindicates aircraft stop, halting brake application prematurely. [H-4.1]",True
663,"Aircraft autopilot malfunctions mid-flight, leading to loss of minimum separation standards. [H-1]",UAV’s data link failure leads to incomplete surveillance mission. [H-7],True
664,Crew's late response to abnormal WBS handling results in safety compromise. [H-4.1],Hydraulic failure leads to asymmetric brake application. [H-4.2],False
665,Crew's incorrect power-off decision causes unnecessary brake failure. [H-4.1],Late crew response to autobrake anomaly leads to braking inefficiencies. [H-4.1],True
666,Failure in autobrake controller logic leads to brake application error during landing. [H-4.1],"BSCU fails to disarm post-landing, resulting in abrupt brake engagement. [H-4.1]",True
667,Ground radar failure results in aircraft collision with ground object. [H-4],Weather-induced loss of control disrupts mission timeline. [H-4],False
668,Structural failure of aircraft wing results in loss of airframe integrity. [H-2],Late crew response to autobrake anomaly leads to braking inefficiencies. [H-4.1],False
669,BSCU software error causes braking delay beyond specified time after touchdown. [H-4.1],Tire burst during landing roll causes deviation from runway. [H-3],False
670,Autopilot disengagement error results in improper descent path. [H-6],Communication lag leads to failure in timely satellite repositioning for data collection. [H-5],False
671,Software crash causes temporary loss of satellite data acquisition capabilities. [H-5],Hydraulic control failure results in insufficient braking power application. [H-4.1],False
672,BSCU software error causes braking delay beyond specified time after touchdown. [H-4.1],Late crew response to autobrake anomaly leads to braking inefficiencies. [H-4.1],True
673,"Inadequate runway friction leads to extended landing roll, risking safety. [H-4.1]","Wind shear encounter causes deviation from flight path, compromising separation. [H-1]",False
674,"Crew misinterprets autobrake feedback, delaying power-off decision. [H-4.1]",In-flight control system reset results in temporary loss of navigation capabilities. [H-4],False
675,"Sensor failure misindicates aircraft stop, halting brake application prematurely. [H-4.1]",Brake command transmission delay due to network congestion causes late brake application. [H-4.1],True
676,Hydraulic leak prevents adequate brake pressure application. [H-4.1],Early termination of brake command resulting in extended runway use. [H-4.1],True
677,Asymmetrical braking applied due to hydraulic system imbalance. [H-4.2],Hydraulic failure leads to asymmetric brake application. [H-4.2],True
678,"Crew misinterprets autobrake feedback, delaying power-off decision. [H-4.1]","BSCU fails to disarm post-landing, resulting in abrupt brake engagement. [H-4.1]",True
679,"Miscommunication between crew and BSCU, failing to apply brakes during landing roll. [H-4.1]",Weather-induced loss of control disrupts mission timeline. [H-4],False
680,"Sensor failure misindicates aircraft stop, halting brake application prematurely. [H-4.1]","Wind shear encounter causes deviation from flight path, compromising separation. [H-1]",False
681,BSCU software error causes braking delay beyond specified time after touchdown. [H-4.1],"Inadequate runway friction leads to extended landing roll, risking safety. [H-4.1]",True
682,"BSCU fails to disarm post-landing, resulting in abrupt brake engagement. [H-4.1]",Pilot error in thrust control leads to unsafe proximity to terrain during descent. [H-6],True
683,Crew's late response to abnormal WBS handling results in safety compromise. [H-4.1],"Aircraft navigation error leads to unanticipated altitude drop, risking separation. [H-1]",False
684,Ground proximity system failure leads to aircraft nearing other ground objects. [H-4],Satellite communication error prevents scientific data collection. [H-5],False
685,"Sensor failure misindicates aircraft stop, halting brake application prematurely. [H-4.1]",Autopilot disengagement error results in improper descent path. [H-6],False
686,Asymmetrical braking applied due to hydraulic system imbalance. [H-4.2],"Sensor failure misindicates aircraft stop, halting brake application prematurely. [H-4.1]",False
687,"Cargo aircraft inadvertently releases cargo mid-flight, violating separation standards. [H-1]",Crew intervention in normal braking leads to unnecessary power-off of BSCU. [H-4.1],False
688,GPS failure results in UAV deviating from mission path. [H-4],Communication lag leads to failure in timely satellite repositioning for data collection. [H-5],True
689,Ground proximity system failure leads to aircraft nearing other ground objects. [H-4],Autobrake controller incorrectly activates in normal takeoff scenario. [H-4.3],False
690,"Wind shear encounter causes deviation from flight path, compromising separation. [H-1]",Late crew response to autobrake anomaly leads to braking inefficiencies. [H-4.1],False
691,Crew's late response to abnormal WBS handling results in safety compromise. [H-4.1],Hydraulic control failure results in insufficient braking power application. [H-4.1],False
692,"Wind shear encounter causes deviation from flight path, compromising separation. [H-1]",In-flight control system reset results in temporary loss of navigation capabilities. [H-4],False
693,BSCU software error causes braking delay beyond specified time after touchdown. [H-4.1],Communication lag leads to failure in timely satellite repositioning for data collection. [H-5],False
694,"Miscommunication between crew and BSCU, failing to apply brakes during landing roll. [H-4.1]",Pilot error in thrust control leads to unsafe proximity to terrain during descent. [H-6],False
695,"Inadequate runway friction leads to extended landing roll, risking safety. [H-4.1]",Ground radar failure results in aircraft collision with ground object. [H-4],False
696,Autobrake controller incorrectly activates in normal takeoff scenario. [H-4.3],Autobrake system erroneously applies breaks during takeoff. [H-4.3],True
697,Structural failure of aircraft wing results in loss of airframe integrity. [H-2],Crew’s failure to acknowledge sensor alerts results in delay in power-off action. [H-4.1],False
698,"Sensor misalignment reports incorrect ground proximity, leading to hazards. [H-4]",Weather-induced loss of control disrupts mission timeline. [H-4],False
699,Brake command transmission delay due to network congestion causes late brake application. [H-4.1],Crew’s failure to acknowledge sensor alerts results in delay in power-off action. [H-4.1],True
700,Control system failure at nuclear plant leads to dangerous material release. [H-8],"Sensor misalignment reports incorrect ground proximity, leading to hazards. [H-4]",False
701,Actuator delay results in insufficient braking force during landing. [H-4.1],Late crew response to autobrake anomaly leads to braking inefficiencies. [H-4.1],True
702,Hydraulic failure leads to asymmetric brake application. [H-4.2],Tire burst during landing roll causes deviation from runway. [H-3],False
703,"Cargo aircraft inadvertently releases cargo mid-flight, violating separation standards. [H-1]",Software crash causes temporary loss of satellite data acquisition capabilities. [H-5],False
704,Asymmetrical braking applied due to hydraulic system imbalance. [H-4.2],Autopilot disengagement error results in improper descent path. [H-6],False
705,"Sensor failure misindicates aircraft stop, halting brake application prematurely. [H-4.1]",Late crew response to autobrake anomaly leads to braking inefficiencies. [H-4.1],True
706,Control system failure at nuclear plant leads to dangerous material release. [H-8],Autopilot disengagement error results in improper descent path. [H-6],False
707,Late feedback to BSCU results in delayed braking upon touchdown. [H-4.1],BSCU software error causes braking delay beyond specified time after touchdown. [H-4.1],True
708,"Miscommunication between crew and BSCU, failing to apply brakes during landing roll. [H-4.1]",Software crash causes temporary loss of satellite data acquisition capabilities. [H-5],False
709,Malfunction in UAV’s navigation system prevents mission completion. [H-7],Hydraulic leak prevents adequate brake pressure application. [H-4.1],False
710,Hydraulic failure leads to asymmetric brake application. [H-4.2],Brake command transmission delay due to network congestion causes late brake application. [H-4.1],False
711,"Miscommunication between crew and BSCU, failing to apply brakes during landing roll. [H-4.1]",Hydraulic leak prevents adequate brake pressure application. [H-4.1],False
712,Ground proximity system failure leads to aircraft nearing other ground objects. [H-4],"Crew misinterprets autobrake feedback, delaying power-off decision. [H-4.1]",True
713,Asymmetrical braking applied due to hydraulic system imbalance. [H-4.2],Early termination of brake command resulting in extended runway use. [H-4.1],False
714,Brake system power-off too early interrupting necessary deceleration. [H-4.1],Autobrake system erroneously applies breaks during takeoff. [H-4.3],False
715,GPS failure results in UAV deviating from mission path. [H-4],Crew’s failure to acknowledge sensor alerts results in delay in power-off action. [H-4.1],True
716,Crew ignores braking system warnings due to unclear procedures. [H-4.1],Actuator delay results in insufficient braking force during landing. [H-4.1],True
717,Early termination of brake command resulting in extended runway use. [H-4.1],Crew’s failure to acknowledge sensor alerts results in delay in power-off action. [H-4.1],True
718,"BSCU fails to disarm post-landing, resulting in abrupt brake engagement. [H-4.1]",Communication lag leads to failure in timely satellite repositioning for data collection. [H-5],True
719,"Aircraft autopilot malfunctions mid-flight, leading to loss of minimum separation standards. [H-1]",Software crash causes temporary loss of satellite data acquisition capabilities. [H-5],False
720,Ground proximity system failure leads to aircraft nearing other ground objects. [H-4],Failure in autobrake controller logic leads to brake application error during landing. [H-4.1],True
721,Actuator delay results in insufficient braking force during landing. [H-4.1],BSCU manual override misinterpretation fails to apply necessary braking. [H-4.1],True
722,Crew's incorrect power-off decision causes unnecessary brake failure. [H-4.1],Early termination of brake command resulting in extended runway use. [H-4.1],True
723,Autopilot disengagement error results in improper descent path. [H-6],Pilot error in thrust control leads to unsafe proximity to terrain during descent. [H-6],False
724,Control system failure at nuclear plant leads to dangerous material release. [H-8],Tire burst during landing roll causes deviation from runway. [H-3],False
725,GPS failure results in UAV deviating from mission path. [H-4],Autopilot disengagement error results in improper descent path. [H-6],True
726,Crew ignores braking system warnings due to unclear procedures. [H-4.1],Crew's late response to abnormal WBS handling results in safety compromise. [H-4.1],False
727,"Wind shear encounter causes deviation from flight path, compromising separation. [H-1]",Weather-induced loss of control disrupts mission timeline. [H-4],False
728,UAV’s data link failure leads to incomplete surveillance mission. [H-7],Crew's late response to abnormal WBS handling results in safety compromise. [H-4.1],True
729,"BSCU fails to disarm post-landing, resulting in abrupt brake engagement. [H-4.1]",Hydraulic control failure results in insufficient braking power application. [H-4.1],True
730,In-flight control system reset results in temporary loss of navigation capabilities. [H-4],Failure in autobrake controller logic leads to brake application error during landing. [H-4.1],False
731,Asymmetrical braking applied due to hydraulic system imbalance. [H-4.2],"BSCU fails to disarm post-landing, resulting in abrupt brake engagement. [H-4.1]",True
732,Control system failure at nuclear plant leads to dangerous material release. [H-8],Actuator delay results in insufficient braking force during landing. [H-4.1],False
733,Satellite communication error prevents scientific data collection. [H-5],Control system failure at nuclear plant leads to dangerous material release. [H-8],True
734,"Sensor failure misindicates aircraft stop, halting brake application prematurely. [H-4.1]",GPS failure results in UAV deviating from mission path. [H-4],False
735,Autobrake controller incorrectly activates in normal takeoff scenario. [H-4.3],Pilot error in thrust control leads to unsafe proximity to terrain during descent. [H-6],False
736,Crew ignores braking system warnings due to unclear procedures. [H-4.1],Autobrake system erroneously applies breaks during takeoff. [H-4.3],False
737,"Aircraft autopilot malfunctions mid-flight, leading to loss of minimum separation standards. [H-1]",Hydraulic control failure results in insufficient braking power application. [H-4.1],False
738,In-flight control system reset results in temporary loss of navigation capabilities. [H-4],Weather-induced loss of control disrupts mission timeline. [H-4],False
739,Autobrake controller incorrectly activates in normal takeoff scenario. [H-4.3],Crew’s failure to acknowledge sensor alerts results in delay in power-off action. [H-4.1],True
740,Crew ignores braking system warnings due to unclear procedures. [H-4.1],"BSCU fails to disarm post-landing, resulting in abrupt brake engagement. [H-4.1]",True
741,"Miscommunication between crew and BSCU, failing to apply brakes during landing roll. [H-4.1]","Aircraft navigation error leads to unanticipated altitude drop, risking separation. [H-1]",True
742,Hydraulic failure leads to asymmetric brake application. [H-4.2],Failure in autobrake controller logic leads to brake application error during landing. [H-4.1],False
743,Asymmetrical braking applied due to hydraulic system imbalance. [H-4.2],"Sensor misalignment reports incorrect ground proximity, leading to hazards. [H-4]",False
744,Asymmetrical braking applied due to hydraulic system imbalance. [H-4.2],Crew’s failure to acknowledge sensor alerts results in delay in power-off action. [H-4.1],False
745,Tire burst during landing roll causes deviation from runway. [H-3],Early termination of brake command resulting in extended runway use. [H-4.1],False
746,BSCU manual override misinterpretation fails to apply necessary braking. [H-4.1],Crew’s failure to acknowledge sensor alerts results in delay in power-off action. [H-4.1],True
747,"BSCU fails to disarm post-landing, resulting in abrupt brake engagement. [H-4.1]",Weather-induced loss of control disrupts mission timeline. [H-4],False
748,Malfunction in UAV’s navigation system prevents mission completion. [H-7],Nuclear plant valve malfunction results in unchecked material release. [H-8],False
749,"Miscommunication between crew and BSCU, failing to apply brakes during landing roll. [H-4.1]","Crew misinterprets autobrake feedback, delaying power-off decision. [H-4.1]",True
750,Structural failure of aircraft wing results in loss of airframe integrity. [H-2],Crew's incorrect power-off decision causes unnecessary brake failure. [H-4.1],False
751,"Aircraft autopilot malfunctions mid-flight, leading to loss of minimum separation standards. [H-1]","BSCU fails to disarm post-landing, resulting in abrupt brake engagement. [H-4.1]",True
752,Pilot error in thrust control leads to unsafe proximity to terrain during descent. [H-6],Communication lag leads to failure in timely satellite repositioning for data collection. [H-5],False
753,Crew ignores braking system warnings due to unclear procedures. [H-4.1],"Aircraft navigation error leads to unanticipated altitude drop, risking separation. [H-1]",False
754,Brake command transmission delay due to network congestion causes late brake application. [H-4.1],Tire burst during landing roll causes deviation from runway. [H-3],False
755,Structural failure of aircraft wing results in loss of airframe integrity. [H-2],"Sensor misalignment reports incorrect ground proximity, leading to hazards. [H-4]",False
756,Crew's late response to abnormal WBS handling results in safety compromise. [H-4.1],Weather-induced loss of control disrupts mission timeline. [H-4],False
757,Crew's late response to abnormal WBS handling results in safety compromise. [H-4.1],Crew’s failure to acknowledge sensor alerts results in delay in power-off action. [H-4.1],True
758,Structural failure of aircraft wing results in loss of airframe integrity. [H-2],Crew ignores braking system warnings due to unclear procedures. [H-4.1],False
759,Asymmetrical braking applied due to hydraulic system imbalance. [H-4.2],"Inadequate runway friction leads to extended landing roll, risking safety. [H-4.1]",False
760,Malfunction in UAV’s navigation system prevents mission completion. [H-7],Late feedback to BSCU results in delayed braking upon touchdown. [H-4.1],True
761,Malfunction in UAV’s navigation system prevents mission completion. [H-7],"Aircraft navigation error leads to unanticipated altitude drop, risking separation. [H-1]",False
762,Actuator delay results in insufficient braking force during landing. [H-4.1],Autopilot disengagement error results in improper descent path. [H-6],False
763,Hydraulic control failure results in insufficient braking power application. [H-4.1],BSCU manual override misinterpretation fails to apply necessary braking. [H-4.1],True
764,Tire burst during landing roll causes deviation from runway. [H-3],"Aircraft navigation error leads to unanticipated altitude drop, risking separation. [H-1]",False
765,Structural failure of aircraft wing results in loss of airframe integrity. [H-2],"Crew misinterprets autobrake feedback, delaying power-off decision. [H-4.1]",False
766,Crew ignores braking system warnings due to unclear procedures. [H-4.1],"Sensor failure misindicates aircraft stop, halting brake application prematurely. [H-4.1]",True
767,Pilot error in thrust control leads to unsafe proximity to terrain during descent. [H-6],Early termination of brake command resulting in extended runway use. [H-4.1],False
768,Control system failure at nuclear plant leads to dangerous material release. [H-8],Late feedback to BSCU results in delayed braking upon touchdown. [H-4.1],False
769,Actuator delay results in insufficient braking force during landing. [H-4.1],"Sensor misalignment reports incorrect ground proximity, leading to hazards. [H-4]",False
770,Control system failure at nuclear plant leads to dangerous material release. [H-8],"Sensor failure misindicates aircraft stop, halting brake application prematurely. [H-4.1]",False
771,Actuator delay results in insufficient braking force during landing. [H-4.1],"Inadequate runway friction leads to extended landing roll, risking safety. [H-4.1]",True
772,Actuator delay results in insufficient braking force during landing. [H-4.1],Failure in autobrake controller logic leads to brake application error during landing. [H-4.1],True
773,Autobrake system erroneously applies breaks during takeoff. [H-4.3],Communication lag leads to failure in timely satellite repositioning for data collection. [H-5],False
774,Autobrake controller incorrectly activates in normal takeoff scenario. [H-4.3],In-flight control system reset results in temporary loss of navigation capabilities. [H-4],False
775,Hydraulic leak prevents adequate brake pressure application. [H-4.1],"Wet runway impacts braking efficiency, causing deceleration issues. [H-4.1]",True
776,Crew ignores braking system warnings due to unclear procedures. [H-4.1],"Inadequate runway friction leads to extended landing roll, risking safety. [H-4.1]",True
777,Autobrake controller incorrectly activates in normal takeoff scenario. [H-4.3],Late crew response to autobrake anomaly leads to braking inefficiencies. [H-4.1],False
778,Autobrake controller incorrectly activates in normal takeoff scenario. [H-4.3],Autopilot disengagement error results in improper descent path. [H-6],False
779,"Cargo aircraft inadvertently releases cargo mid-flight, violating separation standards. [H-1]","Aircraft navigation error leads to unanticipated altitude drop, risking separation. [H-1]",True
780,Crew ignores braking system warnings due to unclear procedures. [H-4.1],Software crash causes temporary loss of satellite data acquisition capabilities. [H-5],False
781,Crew's incorrect power-off decision causes unnecessary brake failure. [H-4.1],In-flight control system reset results in temporary loss of navigation capabilities. [H-4],False
782,Actuator delay results in insufficient braking force during landing. [H-4.1],Hydraulic failure leads to asymmetric brake application. [H-4.2],False
783,Ground proximity system failure leads to aircraft nearing other ground objects. [H-4],Software crash causes temporary loss of satellite data acquisition capabilities. [H-5],False
784,Structural failure of aircraft wing results in loss of airframe integrity. [H-2],Power surge in BSCU disrupts normal braking sequence. [H-4.1],False
785,"Aircraft navigation error leads to unanticipated altitude drop, risking separation. [H-1]",Software crash causes temporary loss of satellite data acquisition capabilities. [H-5],False
786,UAV’s data link failure leads to incomplete surveillance mission. [H-7],Tire burst during landing roll causes deviation from runway. [H-3],False
787,UAV’s data link failure leads to incomplete surveillance mission. [H-7],"Aircraft navigation error leads to unanticipated altitude drop, risking separation. [H-1]",False
788,Ground proximity system failure leads to aircraft nearing other ground objects. [H-4],"Sensor failure misindicates aircraft stop, halting brake application prematurely. [H-4.1]",False
789,Asymmetrical braking applied due to hydraulic system imbalance. [H-4.2],Failure in autobrake controller logic leads to brake application error during landing. [H-4.1],False
790,Ground proximity system failure leads to aircraft nearing other ground objects. [H-4],Tire burst during landing roll causes deviation from runway. [H-3],False
791,Failure in autobrake controller logic leads to brake application error during landing. [H-4.1],Pilot error in thrust control leads to unsafe proximity to terrain during descent. [H-6],False
792,Terrain detection issue causes aircraft to drift too close to a mountain. [H-6],In-flight control system reset results in temporary loss of navigation capabilities. [H-4],False
793,Ground proximity system failure leads to aircraft nearing other ground objects. [H-4],Late feedback to BSCU results in delayed braking upon touchdown. [H-4.1],True
794,Aircraft taxiing system error causes deviation from designated taxiway. [H-3],Crew's incorrect power-off decision causes unnecessary brake failure. [H-4.1],False
795,Terrain detection issue causes aircraft to drift too close to a mountain. [H-6],Brake system power-off too early interrupting necessary deceleration. [H-4.1],False
796,Ground proximity system failure leads to aircraft nearing other ground objects. [H-4],Crew's incorrect power-off decision causes unnecessary brake failure. [H-4.1],True
797,Actuator delay results in insufficient braking force during landing. [H-4.1],Weather-induced loss of control disrupts mission timeline. [H-4],False
798,"Wet runway impacts braking efficiency, causing deceleration issues. [H-4.1]",Crew intervention in normal braking leads to unnecessary power-off of BSCU. [H-4.1],True
799,"Inadequate runway friction leads to extended landing roll, risking safety. [H-4.1]",Late crew response to autobrake anomaly leads to braking inefficiencies. [H-4.1],True
800,In-flight control system reset results in temporary loss of navigation capabilities. [H-4],Communication lag leads to failure in timely satellite repositioning for data collection. [H-5],False
801,GPS failure results in UAV deviating from mission path. [H-4],"Inadequate runway friction leads to extended landing roll, risking safety. [H-4.1]",True
802,Early termination of brake command resulting in extended runway use. [H-4.1],Ground radar failure results in aircraft collision with ground object. [H-4],False
803,GPS failure results in UAV deviating from mission path. [H-4],"Aircraft navigation error leads to unanticipated altitude drop, risking separation. [H-1]",False
804,"Inadequate runway friction leads to extended landing roll, risking safety. [H-4.1]",In-flight control system reset results in temporary loss of navigation capabilities. [H-4],False
805,BSCU software error causes braking delay beyond specified time after touchdown. [H-4.1],Weather-induced loss of control disrupts mission timeline. [H-4],False
806,"Inadequate runway friction leads to extended landing roll, risking safety. [H-4.1]",Tire burst during landing roll causes deviation from runway. [H-3],False
807,Hydraulic failure leads to asymmetric brake application. [H-4.2],BSCU manual override misinterpretation fails to apply necessary braking. [H-4.1],False
808,Structural failure of aircraft wing results in loss of airframe integrity. [H-2],"Wind shear encounter causes deviation from flight path, compromising separation. [H-1]",False
809,Ground proximity system failure leads to aircraft nearing other ground objects. [H-4],Autopilot disengagement error results in improper descent path. [H-6],False
810,GPS failure results in UAV deviating from mission path. [H-4],"Sensor misalignment reports incorrect ground proximity, leading to hazards. [H-4]",True
811,Control system failure at nuclear plant leads to dangerous material release. [H-8],Crew's late response to abnormal WBS handling results in safety compromise. [H-4.1],False
812,Satellite communication error prevents scientific data collection. [H-5],Software crash causes temporary loss of satellite data acquisition capabilities. [H-5],True
813,"Inadequate runway friction leads to extended landing roll, risking safety. [H-4.1]",Crew’s failure to acknowledge sensor alerts results in delay in power-off action. [H-4.1],False
814,UAV’s data link failure leads to incomplete surveillance mission. [H-7],BSCU software error causes braking delay beyond specified time after touchdown. [H-4.1],False
815,Malfunction in UAV’s navigation system prevents mission completion. [H-7],Ground radar failure results in aircraft collision with ground object. [H-4],False
816,Late feedback to BSCU results in delayed braking upon touchdown. [H-4.1],Crew ignores braking system warnings due to unclear procedures. [H-4.1],False
817,Hydraulic control failure results in insufficient braking power application. [H-4.1],Crew’s failure to acknowledge sensor alerts results in delay in power-off action. [H-4.1],False
818,"Aircraft navigation error leads to unanticipated altitude drop, risking separation. [H-1]",Crew’s failure to acknowledge sensor alerts results in delay in power-off action. [H-4.1],False
819,"Inadequate runway friction leads to extended landing roll, risking safety. [H-4.1]",Software crash causes temporary loss of satellite data acquisition capabilities. [H-5],False
820,Autopilot disengagement error results in improper descent path. [H-6],Early termination of brake command resulting in extended runway use. [H-4.1],False
821,"Crew misinterprets autobrake feedback, delaying power-off decision. [H-4.1]","Cargo aircraft inadvertently releases cargo mid-flight, violating separation standards. [H-1]",False
822,Terrain detection issue causes aircraft to drift too close to a mountain. [H-6],GPS failure results in UAV deviating from mission path. [H-4],False
823,Aircraft taxiing system error causes deviation from designated taxiway. [H-3],Asymmetrical braking applied due to hydraulic system imbalance. [H-4.2],False
824,Crew ignores braking system warnings due to unclear procedures. [H-4.1],Autobrake controller incorrectly activates in normal takeoff scenario. [H-4.3],False
825,Structural failure of aircraft wing results in loss of airframe integrity. [H-2],Hydraulic control failure results in insufficient braking power application. [H-4.1],False
826,"Miscommunication between crew and BSCU, failing to apply brakes during landing roll. [H-4.1]",Actuator delay results in insufficient braking force during landing. [H-4.1],True
827,Hydraulic leak prevents adequate brake pressure application. [H-4.1],Crew's late response to abnormal WBS handling results in safety compromise. [H-4.1],False
828,Ground radar failure results in aircraft collision with ground object. [H-4],BSCU manual override misinterpretation fails to apply necessary braking. [H-4.1],False
829,"Cargo aircraft inadvertently releases cargo mid-flight, violating separation standards. [H-1]",Tire burst during landing roll causes deviation from runway. [H-3],False
830,Nuclear plant valve malfunction results in unchecked material release. [H-8],BSCU software error causes braking delay beyond specified time after touchdown. [H-4.1],False
831,Ground proximity system failure leads to aircraft nearing other ground objects. [H-4],Brake command transmission delay due to network congestion causes late brake application. [H-4.1],False
832,"Cargo aircraft inadvertently releases cargo mid-flight, violating separation standards. [H-1]",BSCU manual override misinterpretation fails to apply necessary braking. [H-4.1],False
833,"Aircraft autopilot malfunctions mid-flight, leading to loss of minimum separation standards. [H-1]","Crew misinterprets autobrake feedback, delaying power-off decision. [H-4.1]",False
834,Nuclear plant valve malfunction results in unchecked material release. [H-8],Hydraulic control failure results in insufficient braking power application. [H-4.1],False
835,Crew's late response to abnormal WBS handling results in safety compromise. [H-4.1],Crew intervention in normal braking leads to unnecessary power-off of BSCU. [H-4.1],True
836,"Crew misinterprets autobrake feedback, delaying power-off decision. [H-4.1]",BSCU manual override misinterpretation fails to apply necessary braking. [H-4.1],True
837,Late feedback to BSCU results in delayed braking upon touchdown. [H-4.1],Autopilot disengagement error results in improper descent path. [H-6],False
838,Actuator delay results in insufficient braking force during landing. [H-4.1],Software crash causes temporary loss of satellite data acquisition capabilities. [H-5],False
839,Hydraulic leak prevents adequate brake pressure application. [H-4.1],BSCU manual override misinterpretation fails to apply necessary braking. [H-4.1],False
840,Late feedback to BSCU results in delayed braking upon touchdown. [H-4.1],UAV’s data link failure leads to incomplete surveillance mission. [H-7],False
841,Autopilot disengagement error results in improper descent path. [H-6],Software crash causes temporary loss of satellite data acquisition capabilities. [H-5],True
842,Crew's late response to abnormal WBS handling results in safety compromise. [H-4.1],"Sensor misalignment reports incorrect ground proximity, leading to hazards. [H-4]",True
843,Autobrake controller incorrectly activates in normal takeoff scenario. [H-4.3],Early termination of brake command resulting in extended runway use. [H-4.1],False
844,Malfunction in UAV’s navigation system prevents mission completion. [H-7],Late crew response to autobrake anomaly leads to braking inefficiencies. [H-4.1],False
845,Structural failure of aircraft wing results in loss of airframe integrity. [H-2],Autopilot disengagement error results in improper descent path. [H-6],False
846,Crew ignores braking system warnings due to unclear procedures. [H-4.1],Failure in autobrake controller logic leads to brake application error during landing. [H-4.1],False
847,"Aircraft autopilot malfunctions mid-flight, leading to loss of minimum separation standards. [H-1]",GPS failure results in UAV deviating from mission path. [H-4],False
848,Crew ignores braking system warnings due to unclear procedures. [H-4.1],Brake system power-off too early interrupting necessary deceleration. [H-4.1],True
849,Crew intervention in normal braking leads to unnecessary power-off of BSCU. [H-4.1],Early termination of brake command resulting in extended runway use. [H-4.1],True
850,Failure in autobrake controller logic leads to brake application error during landing. [H-4.1],Ground radar failure results in aircraft collision with ground object. [H-4],False
851,Late feedback to BSCU results in delayed braking upon touchdown. [H-4.1],Crew's incorrect power-off decision causes unnecessary brake failure. [H-4.1],True
852,Structural failure of aircraft wing results in loss of airframe integrity. [H-2],Autobrake system erroneously applies breaks during takeoff. [H-4.3],False
853,"Sensor misalignment reports incorrect ground proximity, leading to hazards. [H-4]",Communication lag leads to failure in timely satellite repositioning for data collection. [H-5],False
854,Nuclear plant valve malfunction results in unchecked material release. [H-8],"Sensor misalignment reports incorrect ground proximity, leading to hazards. [H-4]",False
855,"Sensor failure misindicates aircraft stop, halting brake application prematurely. [H-4.1]",Tire burst during landing roll causes deviation from runway. [H-3],False
856,"Crew misinterprets autobrake feedback, delaying power-off decision. [H-4.1]",Hydraulic failure leads to asymmetric brake application. [H-4.2],False
857,Failure in autobrake controller logic leads to brake application error during landing. [H-4.1],Tire burst during landing roll causes deviation from runway. [H-3],False
858,Crew's incorrect power-off decision causes unnecessary brake failure. [H-4.1],Pilot error in thrust control leads to unsafe proximity to terrain during descent. [H-6],True
859,Pilot error in thrust control leads to unsafe proximity to terrain during descent. [H-6],Weather-induced loss of control disrupts mission timeline. [H-4],False
860,Hydraulic leak prevents adequate brake pressure application. [H-4.1],Software crash causes temporary loss of satellite data acquisition capabilities. [H-5],False
861,Brake system power-off too early interrupting necessary deceleration. [H-4.1],Failure in autobrake controller logic leads to brake application error during landing. [H-4.1],True
862,Early termination of brake command resulting in extended runway use. [H-4.1],Late crew response to autobrake anomaly leads to braking inefficiencies. [H-4.1],True
863,Aircraft taxiing system error causes deviation from designated taxiway. [H-3],"Aircraft navigation error leads to unanticipated altitude drop, risking separation. [H-1]",False
864,Ground proximity system failure leads to aircraft nearing other ground objects. [H-4],"BSCU fails to disarm post-landing, resulting in abrupt brake engagement. [H-4.1]",False
865,"Sensor misalignment reports incorrect ground proximity, leading to hazards. [H-4]",Software crash causes temporary loss of satellite data acquisition capabilities. [H-5],False
866,"Inadequate runway friction leads to extended landing roll, risking safety. [H-4.1]",Crew intervention in normal braking leads to unnecessary power-off of BSCU. [H-4.1],False
867,Crew's incorrect power-off decision causes unnecessary brake failure. [H-4.1],Tire burst during landing roll causes deviation from runway. [H-3],False
868,BSCU software error causes braking delay beyond specified time after touchdown. [H-4.1],Hydraulic failure leads to asymmetric brake application. [H-4.2],False
869,Aircraft taxiing system error causes deviation from designated taxiway. [H-3],"Sensor misalignment reports incorrect ground proximity, leading to hazards. [H-4]",False
870,Control system failure at nuclear plant leads to dangerous material release. [H-8],Nuclear plant valve malfunction results in unchecked material release. [H-8],True
871,Failure in autobrake controller logic leads to brake application error during landing. [H-4.1],Crew’s failure to acknowledge sensor alerts results in delay in power-off action. [H-4.1],True
872,Terrain detection issue causes aircraft to drift too close to a mountain. [H-6],Autopilot disengagement error results in improper descent path. [H-6],True
873,UAV’s data link failure leads to incomplete surveillance mission. [H-7],Communication lag leads to failure in timely satellite repositioning for data collection. [H-5],False
874,Crew intervention in normal braking leads to unnecessary power-off of BSCU. [H-4.1],"Aircraft navigation error leads to unanticipated altitude drop, risking separation. [H-1]",False
875,Autobrake system erroneously applies breaks during takeoff. [H-4.3],BSCU manual override misinterpretation fails to apply necessary braking. [H-4.1],False
876,Satellite communication error prevents scientific data collection. [H-5],"Wind shear encounter causes deviation from flight path, compromising separation. [H-1]",False
877,Malfunction in UAV’s navigation system prevents mission completion. [H-7],Failure in autobrake controller logic leads to brake application error during landing. [H-4.1],False
878,Satellite communication error prevents scientific data collection. [H-5],"Cargo aircraft inadvertently releases cargo mid-flight, violating separation standards. [H-1]",False
879,"Aircraft autopilot malfunctions mid-flight, leading to loss of minimum separation standards. [H-1]","Miscommunication between crew and BSCU, failing to apply brakes during landing roll. [H-4.1]",False
880,Structural failure of aircraft wing results in loss of airframe integrity. [H-2],Late feedback to BSCU results in delayed braking upon touchdown. [H-4.1],True
881,Asymmetrical braking applied due to hydraulic system imbalance. [H-4.2],In-flight control system reset results in temporary loss of navigation capabilities. [H-4],False
882,"Miscommunication between crew and BSCU, failing to apply brakes during landing roll. [H-4.1]",Crew’s failure to acknowledge sensor alerts results in delay in power-off action. [H-4.1],True
883,In-flight control system reset results in temporary loss of navigation capabilities. [H-4],Software crash causes temporary loss of satellite data acquisition capabilities. [H-5],False
884,"Aircraft autopilot malfunctions mid-flight, leading to loss of minimum separation standards. [H-1]",BSCU manual override misinterpretation fails to apply necessary braking. [H-4.1],True
885,Malfunction in UAV’s navigation system prevents mission completion. [H-7],Hydraulic control failure results in insufficient braking power application. [H-4.1],True
886,Crew intervention in normal braking leads to unnecessary power-off of BSCU. [H-4.1],Communication lag leads to failure in timely satellite repositioning for data collection. [H-5],True
887,Brake system power-off too early interrupting necessary deceleration. [H-4.1],Power surge in BSCU disrupts normal braking sequence. [H-4.1],True
888,Crew intervention in normal braking leads to unnecessary power-off of BSCU. [H-4.1],Software crash causes temporary loss of satellite data acquisition capabilities. [H-5],False
889,Asymmetrical braking applied due to hydraulic system imbalance. [H-4.2],Crew's late response to abnormal WBS handling results in safety compromise. [H-4.1],False
890,BSCU software error causes braking delay beyond specified time after touchdown. [H-4.1],Software crash causes temporary loss of satellite data acquisition capabilities. [H-5],False
891,Power surge in BSCU disrupts normal braking sequence. [H-4.1],Failure in autobrake controller logic leads to brake application error during landing. [H-4.1],True
892,Malfunction in UAV’s navigation system prevents mission completion. [H-7],"Wet runway impacts braking efficiency, causing deceleration issues. [H-4.1]",False
893,Aircraft taxiing system error causes deviation from designated taxiway. [H-3],UAV’s data link failure leads to incomplete surveillance mission. [H-7],False
894,Power surge in BSCU disrupts normal braking sequence. [H-4.1],Software crash causes temporary loss of satellite data acquisition capabilities. [H-5],False
895,Control system failure at nuclear plant leads to dangerous material release. [H-8],"BSCU fails to disarm post-landing, resulting in abrupt brake engagement. [H-4.1]",False
896,Aircraft taxiing system error causes deviation from designated taxiway. [H-3],"Crew misinterprets autobrake feedback, delaying power-off decision. [H-4.1]",False
897,Brake system power-off too early interrupting necessary deceleration. [H-4.1],Actuator delay results in insufficient braking force during landing. [H-4.1],True
898,UAV’s data link failure leads to incomplete surveillance mission. [H-7],In-flight control system reset results in temporary loss of navigation capabilities. [H-4],False
899,Crew intervention in normal braking leads to unnecessary power-off of BSCU. [H-4.1],BSCU manual override misinterpretation fails to apply necessary braking. [H-4.1],True
900,Autobrake system erroneously applies breaks during takeoff. [H-4.3],"Wind shear encounter causes deviation from flight path, compromising separation. [H-1]",False
901,Crew intervention in normal braking leads to unnecessary power-off of BSCU. [H-4.1],Tire burst during landing roll causes deviation from runway. [H-3],False
902,Crew ignores braking system warnings due to unclear procedures. [H-4.1],"Wet runway impacts braking efficiency, causing deceleration issues. [H-4.1]",False
903,Asymmetrical braking applied due to hydraulic system imbalance. [H-4.2],Software crash causes temporary loss of satellite data acquisition capabilities. [H-5],False
904,Crew's incorrect power-off decision causes unnecessary brake failure. [H-4.1],"Inadequate runway friction leads to extended landing roll, risking safety. [H-4.1]",False
905,Brake command transmission delay due to network congestion causes late brake application. [H-4.1],Pilot error in thrust control leads to unsafe proximity to terrain during descent. [H-6],False
906,"Sensor failure misindicates aircraft stop, halting brake application prematurely. [H-4.1]",Power surge in BSCU disrupts normal braking sequence. [H-4.1],False
907,Autopilot disengagement error results in improper descent path. [H-6],Crew intervention in normal braking leads to unnecessary power-off of BSCU. [H-4.1],False
908,Terrain detection issue causes aircraft to drift too close to a mountain. [H-6],Crew’s failure to acknowledge sensor alerts results in delay in power-off action. [H-4.1],True
909,Structural failure of aircraft wing results in loss of airframe integrity. [H-2],Failure in autobrake controller logic leads to brake application error during landing. [H-4.1],True
910,"Sensor failure misindicates aircraft stop, halting brake application prematurely. [H-4.1]",Hydraulic control failure results in insufficient braking power application. [H-4.1],True
911,Structural failure of aircraft wing results in loss of airframe integrity. [H-2],Ground proximity system failure leads to aircraft nearing other ground objects. [H-4],False
912,Hydraulic control failure results in insufficient braking power application. [H-4.1],Late crew response to autobrake anomaly leads to braking inefficiencies. [H-4.1],True
913,UAV’s data link failure leads to incomplete surveillance mission. [H-7],Autopilot disengagement error results in improper descent path. [H-6],False
914,"Inadequate runway friction leads to extended landing roll, risking safety. [H-4.1]",Crew's late response to abnormal WBS handling results in safety compromise. [H-4.1],True
915,Ground proximity system failure leads to aircraft nearing other ground objects. [H-4],UAV’s data link failure leads to incomplete surveillance mission. [H-7],True
916,Structural failure of aircraft wing results in loss of airframe integrity. [H-2],Malfunction in UAV’s navigation system prevents mission completion. [H-7],False
917,"Cargo aircraft inadvertently releases cargo mid-flight, violating separation standards. [H-1]",Hydraulic failure leads to asymmetric brake application. [H-4.2],False
918,Structural failure of aircraft wing results in loss of airframe integrity. [H-2],"BSCU fails to disarm post-landing, resulting in abrupt brake engagement. [H-4.1]",False
919,Asymmetrical braking applied due to hydraulic system imbalance. [H-4.2],Power surge in BSCU disrupts normal braking sequence. [H-4.1],False
920,Autobrake controller incorrectly activates in normal takeoff scenario. [H-4.3],Failure in autobrake controller logic leads to brake application error during landing. [H-4.1],False
921,Failure in autobrake controller logic leads to brake application error during landing. [H-4.1],BSCU manual override misinterpretation fails to apply necessary braking. [H-4.1],True
922,Control system failure at nuclear plant leads to dangerous material release. [H-8],"Wet runway impacts braking efficiency, causing deceleration issues. [H-4.1]",False
923,"Sensor misalignment reports incorrect ground proximity, leading to hazards. [H-4]",Crew intervention in normal braking leads to unnecessary power-off of BSCU. [H-4.1],False
924,"Sensor misalignment reports incorrect ground proximity, leading to hazards. [H-4]",Hydraulic failure leads to asymmetric brake application. [H-4.2],True
925,"Miscommunication between crew and BSCU, failing to apply brakes during landing roll. [H-4.1]",BSCU software error causes braking delay beyond specified time after touchdown. [H-4.1],True
926,Ground proximity system failure leads to aircraft nearing other ground objects. [H-4],Nuclear plant valve malfunction results in unchecked material release. [H-8],True
927,Control system failure at nuclear plant leads to dangerous material release. [H-8],Brake command transmission delay due to network congestion causes late brake application. [H-4.1],False
928,Crew ignores braking system warnings due to unclear procedures. [H-4.1],Power surge in BSCU disrupts normal braking sequence. [H-4.1],False
929,Late feedback to BSCU results in delayed braking upon touchdown. [H-4.1],Crew intervention in normal braking leads to unnecessary power-off of BSCU. [H-4.1],True
930,"Miscommunication between crew and BSCU, failing to apply brakes during landing roll. [H-4.1]",Power surge in BSCU disrupts normal braking sequence. [H-4.1],True
931,Satellite communication error prevents scientific data collection. [H-5],Brake command transmission delay due to network congestion causes late brake application. [H-4.1],True
932,Software crash causes temporary loss of satellite data acquisition capabilities. [H-5],Weather-induced loss of control disrupts mission timeline. [H-4],False
933,UAV’s data link failure leads to incomplete surveillance mission. [H-7],"Cargo aircraft inadvertently releases cargo mid-flight, violating separation standards. [H-1]",False
934,Structural failure of aircraft wing results in loss of airframe integrity. [H-2],Weather-induced loss of control disrupts mission timeline. [H-4],False
935,"Aircraft autopilot malfunctions mid-flight, leading to loss of minimum separation standards. [H-1]",Autopilot disengagement error results in improper descent path. [H-6],False
936,Actuator delay results in insufficient braking force during landing. [H-4.1],Crew intervention in normal braking leads to unnecessary power-off of BSCU. [H-4.1],True
937,Brake command transmission delay due to network congestion causes late brake application. [H-4.1],Late crew response to autobrake anomaly leads to braking inefficiencies. [H-4.1],True
938,Ground proximity system failure leads to aircraft nearing other ground objects. [H-4],Terrain detection issue causes aircraft to drift too close to a mountain. [H-6],False
939,Structural failure of aircraft wing results in loss of airframe integrity. [H-2],"Cargo aircraft inadvertently releases cargo mid-flight, violating separation standards. [H-1]",False
940,Late feedback to BSCU results in delayed braking upon touchdown. [H-4.1],Actuator delay results in insufficient braking force during landing. [H-4.1],True
941,Pilot error in thrust control leads to unsafe proximity to terrain during descent. [H-6],Ground radar failure results in aircraft collision with ground object. [H-4],False
942,Autobrake controller incorrectly activates in normal takeoff scenario. [H-4.3],Crew intervention in normal braking leads to unnecessary power-off of BSCU. [H-4.1],True
943,Ground proximity system failure leads to aircraft nearing other ground objects. [H-4],Malfunction in UAV’s navigation system prevents mission completion. [H-7],False
944,BSCU software error causes braking delay beyond specified time after touchdown. [H-4.1],Pilot error in thrust control leads to unsafe proximity to terrain during descent. [H-6],False
945,Ground proximity system failure leads to aircraft nearing other ground objects. [H-4],Ground radar failure results in aircraft collision with ground object. [H-4],True
946,"Aircraft autopilot malfunctions mid-flight, leading to loss of minimum separation standards. [H-1]",Control system failure at nuclear plant leads to dangerous material release. [H-8],False
947,Communication lag leads to failure in timely satellite repositioning for data collection. [H-5],Early termination of brake command resulting in extended runway use. [H-4.1],False
948,Control system failure at nuclear plant leads to dangerous material release. [H-8],In-flight control system reset results in temporary loss of navigation capabilities. [H-4],False
949,"Inadequate runway friction leads to extended landing roll, risking safety. [H-4.1]",Early termination of brake command resulting in extended runway use. [H-4.1],True
950,Failure in autobrake controller logic leads to brake application error during landing. [H-4.1],Communication lag leads to failure in timely satellite repositioning for data collection. [H-5],False
951,Crew's late response to abnormal WBS handling results in safety compromise. [H-4.1],In-flight control system reset results in temporary loss of navigation capabilities. [H-4],False
952,Hydraulic leak prevents adequate brake pressure application. [H-4.1],Pilot error in thrust control leads to unsafe proximity to terrain during descent. [H-6],False
953,Malfunction in UAV’s navigation system prevents mission completion. [H-7],Control system failure at nuclear plant leads to dangerous material release. [H-8],True
954,"BSCU fails to disarm post-landing, resulting in abrupt brake engagement. [H-4.1]",BSCU manual override misinterpretation fails to apply necessary braking. [H-4.1],True
955,"Aircraft autopilot malfunctions mid-flight, leading to loss of minimum separation standards. [H-1]",Power surge in BSCU disrupts normal braking sequence. [H-4.1],False
956,Terrain detection issue causes aircraft to drift too close to a mountain. [H-6],Early termination of brake command resulting in extended runway use. [H-4.1],False
957,Hydraulic leak prevents adequate brake pressure application. [H-4.1],"Wind shear encounter causes deviation from flight path, compromising separation. [H-1]",False
958,Failure in autobrake controller logic leads to brake application error during landing. [H-4.1],Software crash causes temporary loss of satellite data acquisition capabilities. [H-5],False
959,"Sensor failure misindicates aircraft stop, halting brake application prematurely. [H-4.1]",Autobrake system erroneously applies breaks during takeoff. [H-4.3],False
960,Autobrake system erroneously applies breaks during takeoff. [H-4.3],Hydraulic failure leads to asymmetric brake application. [H-4.2],False
961,Tire burst during landing roll causes deviation from runway. [H-3],Communication lag leads to failure in timely satellite repositioning for data collection. [H-5],False
962,"Aircraft autopilot malfunctions mid-flight, leading to loss of minimum separation standards. [H-1]",Crew's late response to abnormal WBS handling results in safety compromise. [H-4.1],True
963,Autobrake controller incorrectly activates in normal takeoff scenario. [H-4.3],"Inadequate runway friction leads to extended landing roll, risking safety. [H-4.1]",False
964,Actuator delay results in insufficient braking force during landing. [H-4.1],Early termination of brake command resulting in extended runway use. [H-4.1],True
965,"Sensor failure misindicates aircraft stop, halting brake application prematurely. [H-4.1]",Early termination of brake command resulting in extended runway use. [H-4.1],True
966,Asymmetrical braking applied due to hydraulic system imbalance. [H-4.2],Late crew response to autobrake anomaly leads to braking inefficiencies. [H-4.1],False
967,Actuator delay results in insufficient braking force during landing. [H-4.1],"Crew misinterprets autobrake feedback, delaying power-off decision. [H-4.1]",False
968,Nuclear plant valve malfunction results in unchecked material release. [H-8],Software crash causes temporary loss of satellite data acquisition capabilities. [H-5],False
969,UAV’s data link failure leads to incomplete surveillance mission. [H-7],Ground radar failure results in aircraft collision with ground object. [H-4],False
970,Autobrake controller incorrectly activates in normal takeoff scenario. [H-4.3],Hydraulic failure leads to asymmetric brake application. [H-4.2],False
971,Crew's late response to abnormal WBS handling results in safety compromise. [H-4.1],Tire burst during landing roll causes deviation from runway. [H-3],False
972,Late feedback to BSCU results in delayed braking upon touchdown. [H-4.1],Early termination of brake command resulting in extended runway use. [H-4.1],True
973,Nuclear plant valve malfunction results in unchecked material release. [H-8],Hydraulic failure leads to asymmetric brake application. [H-4.2],False
974,Satellite communication error prevents scientific data collection. [H-5],Weather-induced loss of control disrupts mission timeline. [H-4],False
975,Autobrake controller incorrectly activates in normal takeoff scenario. [H-4.3],Communication lag leads to failure in timely satellite repositioning for data collection. [H-5],False
976,Malfunction in UAV’s navigation system prevents mission completion. [H-7],Autobrake controller incorrectly activates in normal takeoff scenario. [H-4.3],False
977,Power surge in BSCU disrupts normal braking sequence. [H-4.1],Late crew response to autobrake anomaly leads to braking inefficiencies. [H-4.1],False
978,Aircraft taxiing system error causes deviation from designated taxiway. [H-3],BSCU software error causes braking delay beyond specified time after touchdown. [H-4.1],True
979,"Miscommunication between crew and BSCU, failing to apply brakes during landing roll. [H-4.1]",Nuclear plant valve malfunction results in unchecked material release. [H-8],False
980,Ground radar failure results in aircraft collision with ground object. [H-4],Crew’s failure to acknowledge sensor alerts results in delay in power-off action. [H-4.1],False
981,"Crew misinterprets autobrake feedback, delaying power-off decision. [H-4.1]",Software crash causes temporary loss of satellite data acquisition capabilities. [H-5],False
982,Control system failure at nuclear plant leads to dangerous material release. [H-8],Early termination of brake command resulting in extended runway use. [H-4.1],False
983,Aircraft taxiing system error causes deviation from designated taxiway. [H-3],"Sensor failure misindicates aircraft stop, halting brake application prematurely. [H-4.1]",True
984,"Crew misinterprets autobrake feedback, delaying power-off decision. [H-4.1]",Hydraulic control failure results in insufficient braking power application. [H-4.1],False
985,Satellite communication error prevents scientific data collection. [H-5],Early termination of brake command resulting in extended runway use. [H-4.1],False
986,Crew's incorrect power-off decision causes unnecessary brake failure. [H-4.1],Nuclear plant valve malfunction results in unchecked material release. [H-8],False
987,Software crash causes temporary loss of satellite data acquisition capabilities. [H-5],Late crew response to autobrake anomaly leads to braking inefficiencies. [H-4.1],False
988,Ground proximity system failure leads to aircraft nearing other ground objects. [H-4],"Wet runway impacts braking efficiency, causing deceleration issues. [H-4.1]",False
989,Satellite communication error prevents scientific data collection. [H-5],Autopilot disengagement error results in improper descent path. [H-6],False
990,Crew's incorrect power-off decision causes unnecessary brake failure. [H-4.1],BSCU manual override misinterpretation fails to apply necessary braking. [H-4.1],True
991,Autobrake controller incorrectly activates in normal takeoff scenario. [H-4.3],Weather-induced loss of control disrupts mission timeline. [H-4],False
992,Aircraft taxiing system error causes deviation from designated taxiway. [H-3],Brake system power-off too early interrupting necessary deceleration. [H-4.1],True
993,Control system failure at nuclear plant leads to dangerous material release. [H-8],Weather-induced loss of control disrupts mission timeline. [H-4],False
994,Malfunction in UAV’s navigation system prevents mission completion. [H-7],BSCU manual override misinterpretation fails to apply necessary braking. [H-4.1],False
995,Asymmetrical braking applied due to hydraulic system imbalance. [H-4.2],Crew intervention in normal braking leads to unnecessary power-off of BSCU. [H-4.1],True
996,Malfunction in UAV’s navigation system prevents mission completion. [H-7],"Crew misinterprets autobrake feedback, delaying power-off decision. [H-4.1]",False
997,Crew's late response to abnormal WBS handling results in safety compromise. [H-4.1],BSCU manual override misinterpretation fails to apply necessary braking. [H-4.1],True
998,In-flight control system reset results in temporary loss of navigation capabilities. [H-4],Pilot error in thrust control leads to unsafe proximity to terrain during descent. [H-6],False
999,"Wet runway impacts braking efficiency, causing deceleration issues. [H-4.1]","Sensor misalignment reports incorrect ground proximity, leading to hazards. [H-4]",False
1000,"Inadequate runway friction leads to extended landing roll, risking safety. [H-4.1]","Aircraft navigation error leads to unanticipated altitude drop, risking separation. [H-1]",False
1001,BSCU software error causes braking delay beyond specified time after touchdown. [H-4.1],"Aircraft navigation error leads to unanticipated altitude drop, risking separation. [H-1]",False
1002,Late feedback to BSCU results in delayed braking upon touchdown. [H-4.1],"Aircraft navigation error leads to unanticipated altitude drop, risking separation. [H-1]",False
1003,UAV’s data link failure leads to incomplete surveillance mission. [H-7],"Sensor misalignment reports incorrect ground proximity, leading to hazards. [H-4]",False
1004,Autobrake system erroneously applies breaks during takeoff. [H-4.3],Software crash causes temporary loss of satellite data acquisition capabilities. [H-5],False
1005,"Sensor failure misindicates aircraft stop, halting brake application prematurely. [H-4.1]",Crew intervention in normal braking leads to unnecessary power-off of BSCU. [H-4.1],True
1006,BSCU software error causes braking delay beyond specified time after touchdown. [H-4.1],Early termination of brake command resulting in extended runway use. [H-4.1],True
1007,Control system failure at nuclear plant leads to dangerous material release. [H-8],Late crew response to autobrake anomaly leads to braking inefficiencies. [H-4.1],False
1008,Crew intervention in normal braking leads to unnecessary power-off of BSCU. [H-4.1],"BSCU fails to disarm post-landing, resulting in abrupt brake engagement. [H-4.1]",True
1009,Aircraft taxiing system error causes deviation from designated taxiway. [H-3],"Wind shear encounter causes deviation from flight path, compromising separation. [H-1]",False
1010,"Sensor failure misindicates aircraft stop, halting brake application prematurely. [H-4.1]","BSCU fails to disarm post-landing, resulting in abrupt brake engagement. [H-4.1]",True
1011,Control system failure at nuclear plant leads to dangerous material release. [H-8],BSCU software error causes braking delay beyond specified time after touchdown. [H-4.1],False
1012,"Sensor misalignment reports incorrect ground proximity, leading to hazards. [H-4]",Late crew response to autobrake anomaly leads to braking inefficiencies. [H-4.1],False
1013,Autobrake controller incorrectly activates in normal takeoff scenario. [H-4.3],Power surge in BSCU disrupts normal braking sequence. [H-4.1],False
1014,Crew's late response to abnormal WBS handling results in safety compromise. [H-4.1],Brake command transmission delay due to network congestion causes late brake application. [H-4.1],True
1015,Asymmetrical braking applied due to hydraulic system imbalance. [H-4.2],GPS failure results in UAV deviating from mission path. [H-4],False
1016,Structural failure of aircraft wing results in loss of airframe integrity. [H-2],Asymmetrical braking applied due to hydraulic system imbalance. [H-4.2],False
1017,Autobrake controller incorrectly activates in normal takeoff scenario. [H-4.3],"Cargo aircraft inadvertently releases cargo mid-flight, violating separation standards. [H-1]",False
1018,Aircraft taxiing system error causes deviation from designated taxiway. [H-3],"BSCU fails to disarm post-landing, resulting in abrupt brake engagement. [H-4.1]",False
1019,Nuclear plant valve malfunction results in unchecked material release. [H-8],Crew intervention in normal braking leads to unnecessary power-off of BSCU. [H-4.1],False
1020,"Miscommunication between crew and BSCU, failing to apply brakes during landing roll. [H-4.1]",Autobrake system erroneously applies breaks during takeoff. [H-4.3],False
1021,"Wet runway impacts braking efficiency, causing deceleration issues. [H-4.1]",Weather-induced loss of control disrupts mission timeline. [H-4],False
1022,UAV’s data link failure leads to incomplete surveillance mission. [H-7],"Crew misinterprets autobrake feedback, delaying power-off decision. [H-4.1]",True
1023,Satellite communication error prevents scientific data collection. [H-5],Brake system power-off too early interrupting necessary deceleration. [H-4.1],False
1024,BSCU software error causes braking delay beyond specified time after touchdown. [H-4.1],Crew intervention in normal braking leads to unnecessary power-off of BSCU. [H-4.1],True
1025,Satellite communication error prevents scientific data collection. [H-5],Terrain detection issue causes aircraft to drift too close to a mountain. [H-6],False
1026,Ground proximity system failure leads to aircraft nearing other ground objects. [H-4],Crew intervention in normal braking leads to unnecessary power-off of BSCU. [H-4.1],False
1027,Ground proximity system failure leads to aircraft nearing other ground objects. [H-4],Weather-induced loss of control disrupts mission timeline. [H-4],False
1028,Aircraft taxiing system error causes deviation from designated taxiway. [H-3],Hydraulic control failure results in insufficient braking power application. [H-4.1],True
1029,Autobrake system erroneously applies breaks during takeoff. [H-4.3],Crew’s failure to acknowledge sensor alerts results in delay in power-off action. [H-4.1],True
1030,Malfunction in UAV’s navigation system prevents mission completion. [H-7],Pilot error in thrust control leads to unsafe proximity to terrain during descent. [H-6],False
1031,UAV’s data link failure leads to incomplete surveillance mission. [H-7],Autobrake system erroneously applies breaks during takeoff. [H-4.3],False
1032,Brake system power-off too early interrupting necessary deceleration. [H-4.1],Autobrake controller incorrectly activates in normal takeoff scenario. [H-4.3],False
1033,Power surge in BSCU disrupts normal braking sequence. [H-4.1],Ground radar failure results in aircraft collision with ground object. [H-4],False
1034,BSCU software error causes braking delay beyond specified time after touchdown. [H-4.1],"Cargo aircraft inadvertently releases cargo mid-flight, violating separation standards. [H-1]",False
1035,Actuator delay results in insufficient braking force during landing. [H-4.1],Autobrake system erroneously applies breaks during takeoff. [H-4.3],False
1036,Satellite communication error prevents scientific data collection. [H-5],Late feedback to BSCU results in delayed braking upon touchdown. [H-4.1],True
1037,"Crew misinterprets autobrake feedback, delaying power-off decision. [H-4.1]",Crew's late response to abnormal WBS handling results in safety compromise. [H-4.1],True
1038,GPS failure results in UAV deviating from mission path. [H-4],BSCU manual override misinterpretation fails to apply necessary braking. [H-4.1],True
1039,"Inadequate runway friction leads to extended landing roll, risking safety. [H-4.1]",Hydraulic failure leads to asymmetric brake application. [H-4.2],False
1040,"Sensor failure misindicates aircraft stop, halting brake application prematurely. [H-4.1]",BSCU manual override misinterpretation fails to apply necessary braking. [H-4.1],False
1041,"Crew misinterprets autobrake feedback, delaying power-off decision. [H-4.1]",BSCU software error causes braking delay beyond specified time after touchdown. [H-4.1],True
1042,Crew ignores braking system warnings due to unclear procedures. [H-4.1],In-flight control system reset results in temporary loss of navigation capabilities. [H-4],False
1043,"Cargo aircraft inadvertently releases cargo mid-flight, violating separation standards. [H-1]",Crew’s failure to acknowledge sensor alerts results in delay in power-off action. [H-4.1],False
1044,BSCU software error causes braking delay beyond specified time after touchdown. [H-4.1],Power surge in BSCU disrupts normal braking sequence. [H-4.1],True
1045,Late feedback to BSCU results in delayed braking upon touchdown. [H-4.1],Ground radar failure results in aircraft collision with ground object. [H-4],True
1046,Satellite communication error prevents scientific data collection. [H-5],Crew’s failure to acknowledge sensor alerts results in delay in power-off action. [H-4.1],False
1047,Brake command transmission delay due to network congestion causes late brake application. [H-4.1],Communication lag leads to failure in timely satellite repositioning for data collection. [H-5],False
1048,BSCU software error causes braking delay beyond specified time after touchdown. [H-4.1],"Wind shear encounter causes deviation from flight path, compromising separation. [H-1]",False
1049,Power surge in BSCU disrupts normal braking sequence. [H-4.1],"Wind shear encounter causes deviation from flight path, compromising separation. [H-1]",False
1050,Failure in autobrake controller logic leads to brake application error during landing. [H-4.1],Weather-induced loss of control disrupts mission timeline. [H-4],False
1051,Asymmetrical braking applied due to hydraulic system imbalance. [H-4.2],BSCU software error causes braking delay beyond specified time after touchdown. [H-4.1],False
1052,"Aircraft navigation error leads to unanticipated altitude drop, risking separation. [H-1]",Late crew response to autobrake anomaly leads to braking inefficiencies. [H-4.1],False
1053,"Sensor failure misindicates aircraft stop, halting brake application prematurely. [H-4.1]","Wet runway impacts braking efficiency, causing deceleration issues. [H-4.1]",True
1054,Autobrake controller incorrectly activates in normal takeoff scenario. [H-4.3],"Wet runway impacts braking efficiency, causing deceleration issues. [H-4.1]",False
1055,Terrain detection issue causes aircraft to drift too close to a mountain. [H-6],Hydraulic failure leads to asymmetric brake application. [H-4.2],False
1056,Aircraft taxiing system error causes deviation from designated taxiway. [H-3],Pilot error in thrust control leads to unsafe proximity to terrain during descent. [H-6],False
1057,Malfunction in UAV’s navigation system prevents mission completion. [H-7],"Wind shear encounter causes deviation from flight path, compromising separation. [H-1]",False
1058,Actuator delay results in insufficient braking force during landing. [H-4.1],Ground radar failure results in aircraft collision with ground object. [H-4],False
1059,Ground proximity system failure leads to aircraft nearing other ground objects. [H-4],"Inadequate runway friction leads to extended landing roll, risking safety. [H-4.1]",False
1060,Ground proximity system failure leads to aircraft nearing other ground objects. [H-4],Crew ignores braking system warnings due to unclear procedures. [H-4.1],False
1061,Brake command transmission delay due to network congestion causes late brake application. [H-4.1],Weather-induced loss of control disrupts mission timeline. [H-4],False
1062,"Sensor misalignment reports incorrect ground proximity, leading to hazards. [H-4]","BSCU fails to disarm post-landing, resulting in abrupt brake engagement. [H-4.1]",False
1063,"Aircraft navigation error leads to unanticipated altitude drop, risking separation. [H-1]",Weather-induced loss of control disrupts mission timeline. [H-4],False
1064,"Crew misinterprets autobrake feedback, delaying power-off decision. [H-4.1]",Crew’s failure to acknowledge sensor alerts results in delay in power-off action. [H-4.1],True
1065,Nuclear plant valve malfunction results in unchecked material release. [H-8],"Inadequate runway friction leads to extended landing roll, risking safety. [H-4.1]",False
1066,Crew's late response to abnormal WBS handling results in safety compromise. [H-4.1],Failure in autobrake controller logic leads to brake application error during landing. [H-4.1],True
1067,Brake command transmission delay due to network congestion causes late brake application. [H-4.1],"Aircraft navigation error leads to unanticipated altitude drop, risking separation. [H-1]",False
1068,Structural failure of aircraft wing results in loss of airframe integrity. [H-2],"Sensor failure misindicates aircraft stop, halting brake application prematurely. [H-4.1]",False
1069,"Inadequate runway friction leads to extended landing roll, risking safety. [H-4.1]","BSCU fails to disarm post-landing, resulting in abrupt brake engagement. [H-4.1]",True
1070,Asymmetrical braking applied due to hydraulic system imbalance. [H-4.2],Tire burst during landing roll causes deviation from runway. [H-3],False
1071,"Wind shear encounter causes deviation from flight path, compromising separation. [H-1]",Ground radar failure results in aircraft collision with ground object. [H-4],False
1072,Structural failure of aircraft wing results in loss of airframe integrity. [H-2],Software crash causes temporary loss of satellite data acquisition capabilities. [H-5],False
1073,"Aircraft navigation error leads to unanticipated altitude drop, risking separation. [H-1]",Pilot error in thrust control leads to unsafe proximity to terrain during descent. [H-6],False
1074,Hydraulic failure leads to asymmetric brake application. [H-4.2],Weather-induced loss of control disrupts mission timeline. [H-4],False
1075,"Inadequate runway friction leads to extended landing roll, risking safety. [H-4.1]",Autobrake system erroneously applies breaks during takeoff. [H-4.3],False
1076,Satellite communication error prevents scientific data collection. [H-5],"Aircraft navigation error leads to unanticipated altitude drop, risking separation. [H-1]",False
1077,Power surge in BSCU disrupts normal braking sequence. [H-4.1],BSCU manual override misinterpretation fails to apply necessary braking. [H-4.1],True
1078,"Wet runway impacts braking efficiency, causing deceleration issues. [H-4.1]","Wind shear encounter causes deviation from flight path, compromising separation. [H-1]",False
1079,"Cargo aircraft inadvertently releases cargo mid-flight, violating separation standards. [H-1]",Hydraulic control failure results in insufficient braking power application. [H-4.1],False
1080,Crew's late response to abnormal WBS handling results in safety compromise. [H-4.1],"Wind shear encounter causes deviation from flight path, compromising separation. [H-1]",False
1081,Aircraft taxiing system error causes deviation from designated taxiway. [H-3],Failure in autobrake controller logic leads to brake application error during landing. [H-4.1],False
1082,Satellite communication error prevents scientific data collection. [H-5],BSCU manual override misinterpretation fails to apply necessary braking. [H-4.1],False
1083,Autopilot disengagement error results in improper descent path. [H-6],"Aircraft navigation error leads to unanticipated altitude drop, risking separation. [H-1]",False
1084,"Crew misinterprets autobrake feedback, delaying power-off decision. [H-4.1]","Aircraft navigation error leads to unanticipated altitude drop, risking separation. [H-1]",False
1085,Terrain detection issue causes aircraft to drift too close to a mountain. [H-6],Power surge in BSCU disrupts normal braking sequence. [H-4.1],False
1086,Aircraft taxiing system error causes deviation from designated taxiway. [H-3],Autobrake controller incorrectly activates in normal takeoff scenario. [H-4.3],False
1087,Brake system power-off too early interrupting necessary deceleration. [H-4.1],Crew intervention in normal braking leads to unnecessary power-off of BSCU. [H-4.1],True
1088,Control system failure at nuclear plant leads to dangerous material release. [H-8],Communication lag leads to failure in timely satellite repositioning for data collection. [H-5],False
1089,"Aircraft autopilot malfunctions mid-flight, leading to loss of minimum separation standards. [H-1]",In-flight control system reset results in temporary loss of navigation capabilities. [H-4],False
1090,Actuator delay results in insufficient braking force during landing. [H-4.1],Crew’s failure to acknowledge sensor alerts results in delay in power-off action. [H-4.1],False
1091,Crew's incorrect power-off decision causes unnecessary brake failure. [H-4.1],Actuator delay results in insufficient braking force during landing. [H-4.1],True
1092,"Wet runway impacts braking efficiency, causing deceleration issues. [H-4.1]",BSCU software error causes braking delay beyond specified time after touchdown. [H-4.1],True
1093,"Aircraft autopilot malfunctions mid-flight, leading to loss of minimum separation standards. [H-1]","Wind shear encounter causes deviation from flight path, compromising separation. [H-1]",True
1094,Communication lag leads to failure in timely satellite repositioning for data collection. [H-5],Crew’s failure to acknowledge sensor alerts results in delay in power-off action. [H-4.1],True
1095,Structural failure of aircraft wing results in loss of airframe integrity. [H-2],Terrain detection issue causes aircraft to drift too close to a mountain. [H-6],False
1096,Satellite communication error prevents scientific data collection. [H-5],Pilot error in thrust control leads to unsafe proximity to terrain during descent. [H-6],True
1097,Control system failure at nuclear plant leads to dangerous material release. [H-8],Hydraulic control failure results in insufficient braking power application. [H-4.1],False
1098,Early termination of brake command resulting in extended runway use. [H-4.1],BSCU manual override misinterpretation fails to apply necessary braking. [H-4.1],True
1099,Terrain detection issue causes aircraft to drift too close to a mountain. [H-6],Tire burst during landing roll causes deviation from runway. [H-3],False
1100,Malfunction in UAV’s navigation system prevents mission completion. [H-7],"Cargo aircraft inadvertently releases cargo mid-flight, violating separation standards. [H-1]",False
1101,Autobrake controller incorrectly activates in normal takeoff scenario. [H-4.3],"Crew misinterprets autobrake feedback, delaying power-off decision. [H-4.1]",False
1102,"Aircraft autopilot malfunctions mid-flight, leading to loss of minimum separation standards. [H-1]",Malfunction in UAV’s navigation system prevents mission completion. [H-7],False
1103,Malfunction in UAV’s navigation system prevents mission completion. [H-7],Power surge in BSCU disrupts normal braking sequence. [H-4.1],False
1104,"Sensor failure misindicates aircraft stop, halting brake application prematurely. [H-4.1]","Inadequate runway friction leads to extended landing roll, risking safety. [H-4.1]",False
1105,Crew ignores braking system warnings due to unclear procedures. [H-4.1],Hydraulic control failure results in insufficient braking power application. [H-4.1],True
1106,Late feedback to BSCU results in delayed braking upon touchdown. [H-4.1],BSCU manual override misinterpretation fails to apply necessary braking. [H-4.1],True
1107,Late feedback to BSCU results in delayed braking upon touchdown. [H-4.1],Hydraulic failure leads to asymmetric brake application. [H-4.2],False
1108,Aircraft taxiing system error causes deviation from designated taxiway. [H-3],Weather-induced loss of control disrupts mission timeline. [H-4],False
1109,Late feedback to BSCU results in delayed braking upon touchdown. [H-4.1],"Inadequate runway friction leads to extended landing roll, risking safety. [H-4.1]",True
1110,Terrain detection issue causes aircraft to drift too close to a mountain. [H-6],"Sensor misalignment reports incorrect ground proximity, leading to hazards. [H-4]",False
1111,Crew's incorrect power-off decision causes unnecessary brake failure. [H-4.1],Autobrake system erroneously applies breaks during takeoff. [H-4.3],True
1112,"Sensor failure misindicates aircraft stop, halting brake application prematurely. [H-4.1]",Failure in autobrake controller logic leads to brake application error during landing. [H-4.1],True
1113,Aircraft taxiing system error causes deviation from designated taxiway. [H-3],Late feedback to BSCU results in delayed braking upon touchdown. [H-4.1],False
1114,"Aircraft autopilot malfunctions mid-flight, leading to loss of minimum separation standards. [H-1]",Early termination of brake command resulting in extended runway use. [H-4.1],False
1115,Late feedback to BSCU results in delayed braking upon touchdown. [H-4.1],"BSCU fails to disarm post-landing, resulting in abrupt brake engagement. [H-4.1]",True
1116,Ground proximity system failure leads to aircraft nearing other ground objects. [H-4],BSCU manual override misinterpretation fails to apply necessary braking. [H-4.1],False
1117,"BSCU fails to disarm post-landing, resulting in abrupt brake engagement. [H-4.1]",Software crash causes temporary loss of satellite data acquisition capabilities. [H-5],False
1118,Terrain detection issue causes aircraft to drift too close to a mountain. [H-6],Nuclear plant valve malfunction results in unchecked material release. [H-8],False
1119,"Miscommunication between crew and BSCU, failing to apply brakes during landing roll. [H-4.1]",In-flight control system reset results in temporary loss of navigation capabilities. [H-4],False
1120,Autobrake controller incorrectly activates in normal takeoff scenario. [H-4.3],GPS failure results in UAV deviating from mission path. [H-4],True
1121,GPS failure results in UAV deviating from mission path. [H-4],Weather-induced loss of control disrupts mission timeline. [H-4],True
1122,Aircraft taxiing system error causes deviation from designated taxiway. [H-3],Power surge in BSCU disrupts normal braking sequence. [H-4.1],False
1123,"Wet runway impacts braking efficiency, causing deceleration issues. [H-4.1]","Cargo aircraft inadvertently releases cargo mid-flight, violating separation standards. [H-1]",False
1124,Crew intervention in normal braking leads to unnecessary power-off of BSCU. [H-4.1],Ground radar failure results in aircraft collision with ground object. [H-4],False
1125,"Wet runway impacts braking efficiency, causing deceleration issues. [H-4.1]",Communication lag leads to failure in timely satellite repositioning for data collection. [H-5],False
1126,Satellite communication error prevents scientific data collection. [H-5],"Wet runway impacts braking efficiency, causing deceleration issues. [H-4.1]",False
1127,"Wet runway impacts braking efficiency, causing deceleration issues. [H-4.1]",Autopilot disengagement error results in improper descent path. [H-6],False
1128,Crew ignores braking system warnings due to unclear procedures. [H-4.1],Crew’s failure to acknowledge sensor alerts results in delay in power-off action. [H-4.1],True
1129,"Cargo aircraft inadvertently releases cargo mid-flight, violating separation standards. [H-1]",Brake command transmission delay due to network congestion causes late brake application. [H-4.1],False
1130,"Cargo aircraft inadvertently releases cargo mid-flight, violating separation standards. [H-1]",In-flight control system reset results in temporary loss of navigation capabilities. [H-4],False
1131,Late feedback to BSCU results in delayed braking upon touchdown. [H-4.1],Crew’s failure to acknowledge sensor alerts results in delay in power-off action. [H-4.1],True
1132,"Wet runway impacts braking efficiency, causing deceleration issues. [H-4.1]",Late crew response to autobrake anomaly leads to braking inefficiencies. [H-4.1],True
1133,Structural failure of aircraft wing results in loss of airframe integrity. [H-2],GPS failure results in UAV deviating from mission path. [H-4],False
1134,Autobrake controller incorrectly activates in normal takeoff scenario. [H-4.3],Crew's late response to abnormal WBS handling results in safety compromise. [H-4.1],False
1135,Nuclear plant valve malfunction results in unchecked material release. [H-8],"Aircraft navigation error leads to unanticipated altitude drop, risking separation. [H-1]",False
1136,"Sensor misalignment reports incorrect ground proximity, leading to hazards. [H-4]",Tire burst during landing roll causes deviation from runway. [H-3],False
1137,Satellite communication error prevents scientific data collection. [H-5],Hydraulic leak prevents adequate brake pressure application. [H-4.1],True
1138,"Crew misinterprets autobrake feedback, delaying power-off decision. [H-4.1]","Inadequate runway friction leads to extended landing roll, risking safety. [H-4.1]",True
1139,Malfunction in UAV’s navigation system prevents mission completion. [H-7],Early termination of brake command resulting in extended runway use. [H-4.1],False
1140,"Crew misinterprets autobrake feedback, delaying power-off decision. [H-4.1]",Crew intervention in normal braking leads to unnecessary power-off of BSCU. [H-4.1],True
1141,Crew intervention in normal braking leads to unnecessary power-off of BSCU. [H-4.1],Failure in autobrake controller logic leads to brake application error during landing. [H-4.1],True
1142,"Wet runway impacts braking efficiency, causing deceleration issues. [H-4.1]",Crew’s failure to acknowledge sensor alerts results in delay in power-off action. [H-4.1],True
1143,"Inadequate runway friction leads to extended landing roll, risking safety. [H-4.1]",Power surge in BSCU disrupts normal braking sequence. [H-4.1],False
1144,GPS failure results in UAV deviating from mission path. [H-4],Autobrake system erroneously applies breaks during takeoff. [H-4.3],True
1145,Terrain detection issue causes aircraft to drift too close to a mountain. [H-6],Late crew response to autobrake anomaly leads to braking inefficiencies. [H-4.1],False
1146,In-flight control system reset results in temporary loss of navigation capabilities. [H-4],Ground radar failure results in aircraft collision with ground object. [H-4],True
1147,Crew ignores braking system warnings due to unclear procedures. [H-4.1],Weather-induced loss of control disrupts mission timeline. [H-4],False
1148,Satellite communication error prevents scientific data collection. [H-5],Asymmetrical braking applied due to hydraulic system imbalance. [H-4.2],False
1149,Terrain detection issue causes aircraft to drift too close to a mountain. [H-6],"Miscommunication between crew and BSCU, failing to apply brakes during landing roll. [H-4.1]",False
1150,"Sensor misalignment reports incorrect ground proximity, leading to hazards. [H-4]",Hydraulic control failure results in insufficient braking power application. [H-4.1],False
1151,Asymmetrical braking applied due to hydraulic system imbalance. [H-4.2],Hydraulic control failure results in insufficient braking power application. [H-4.1],True
1152,Structural failure of aircraft wing results in loss of airframe integrity. [H-2],Hydraulic failure leads to asymmetric brake application. [H-4.2],False
1153,Structural failure of aircraft wing results in loss of airframe integrity. [H-2],Ground radar failure results in aircraft collision with ground object. [H-4],False
1154,Malfunction in UAV’s navigation system prevents mission completion. [H-7],Asymmetrical braking applied due to hydraulic system imbalance. [H-4.2],False
1155,Terrain detection issue causes aircraft to drift too close to a mountain. [H-6],Late feedback to BSCU results in delayed braking upon touchdown. [H-4.1],False
1156,Nuclear plant valve malfunction results in unchecked material release. [H-8],"BSCU fails to disarm post-landing, resulting in abrupt brake engagement. [H-4.1]",False
1157,Asymmetrical braking applied due to hydraulic system imbalance. [H-4.2],"Aircraft navigation error leads to unanticipated altitude drop, risking separation. [H-1]",False
1158,Autobrake system erroneously applies breaks during takeoff. [H-4.3],"Sensor misalignment reports incorrect ground proximity, leading to hazards. [H-4]",False
1159,Aircraft taxiing system error causes deviation from designated taxiway. [H-3],Brake command transmission delay due to network congestion causes late brake application. [H-4.1],True
1160,Crew ignores braking system warnings due to unclear procedures. [H-4.1],UAV’s data link failure leads to incomplete surveillance mission. [H-7],False
1161,"Sensor failure misindicates aircraft stop, halting brake application prematurely. [H-4.1]","Cargo aircraft inadvertently releases cargo mid-flight, violating separation standards. [H-1]",False
1162,Tire burst during landing roll causes deviation from runway. [H-3],Pilot error in thrust control leads to unsafe proximity to terrain during descent. [H-6],False
1163,Structural failure of aircraft wing results in loss of airframe integrity. [H-2],Satellite communication error prevents scientific data collection. [H-5],False
1164,Autobrake system erroneously applies breaks during takeoff. [H-4.3],Hydraulic control failure results in insufficient braking power application. [H-4.1],False
1165,Crew ignores braking system warnings due to unclear procedures. [H-4.1],Early termination of brake command resulting in extended runway use. [H-4.1],True
1166,Satellite communication error prevents scientific data collection. [H-5],Failure in autobrake controller logic leads to brake application error during landing. [H-4.1],False
1167,UAV’s data link failure leads to incomplete surveillance mission. [H-7],GPS failure results in UAV deviating from mission path. [H-4],True
1168,UAV’s data link failure leads to incomplete surveillance mission. [H-7],Pilot error in thrust control leads to unsafe proximity to terrain during descent. [H-6],False
1169,Brake system power-off too early interrupting necessary deceleration. [H-4.1],Crew's late response to abnormal WBS handling results in safety compromise. [H-4.1],True
1170,"Wet runway impacts braking efficiency, causing deceleration issues. [H-4.1]",Early termination of brake command resulting in extended runway use. [H-4.1],True
1171,"Inadequate runway friction leads to extended landing roll, risking safety. [H-4.1]",Autopilot disengagement error results in improper descent path. [H-6],False
1172,Terrain detection issue causes aircraft to drift too close to a mountain. [H-6],"Cargo aircraft inadvertently releases cargo mid-flight, violating separation standards. [H-1]",False
1173,In-flight control system reset results in temporary loss of navigation capabilities. [H-4],Hydraulic control failure results in insufficient braking power application. [H-4.1],True
1174,Brake system power-off too early interrupting necessary deceleration. [H-4.1],Autopilot disengagement error results in improper descent path. [H-6],False
1175,"Aircraft autopilot malfunctions mid-flight, leading to loss of minimum separation standards. [H-1]",Hydraulic failure leads to asymmetric brake application. [H-4.2],False
1176,GPS failure results in UAV deviating from mission path. [H-4],"BSCU fails to disarm post-landing, resulting in abrupt brake engagement. [H-4.1]",True
1177,Communication lag leads to failure in timely satellite repositioning for data collection. [H-5],Late crew response to autobrake anomaly leads to braking inefficiencies. [H-4.1],True
1178,Software crash causes temporary loss of satellite data acquisition capabilities. [H-5],BSCU manual override misinterpretation fails to apply necessary braking. [H-4.1],False
1179,Failure in autobrake controller logic leads to brake application error during landing. [H-4.1],Early termination of brake command resulting in extended runway use. [H-4.1],True
1180,GPS failure results in UAV deviating from mission path. [H-4],Early termination of brake command resulting in extended runway use. [H-4.1],True
1181,Crew ignores braking system warnings due to unclear procedures. [H-4.1],"Sensor misalignment reports incorrect ground proximity, leading to hazards. [H-4]",False
1182,Malfunction in UAV’s navigation system prevents mission completion. [H-7],"Sensor failure misindicates aircraft stop, halting brake application prematurely. [H-4.1]",False
1183,Ground proximity system failure leads to aircraft nearing other ground objects. [H-4],Asymmetrical braking applied due to hydraulic system imbalance. [H-4.2],True
1184,Autobrake system erroneously applies breaks during takeoff. [H-4.3],Tire burst during landing roll causes deviation from runway. [H-3],False
1185,Terrain detection issue causes aircraft to drift too close to a mountain. [H-6],Malfunction in UAV’s navigation system prevents mission completion. [H-7],False
1186,"Sensor failure misindicates aircraft stop, halting brake application prematurely. [H-4.1]",Weather-induced loss of control disrupts mission timeline. [H-4],False
1187,Communication lag leads to failure in timely satellite repositioning for data collection. [H-5],BSCU manual override misinterpretation fails to apply necessary braking. [H-4.1],False
1188,Crew's late response to abnormal WBS handling results in safety compromise. [H-4.1],Communication lag leads to failure in timely satellite repositioning for data collection. [H-5],False
1189,Brake system power-off too early interrupting necessary deceleration. [H-4.1],Hydraulic leak prevents adequate brake pressure application. [H-4.1],True
1190,Control system failure at nuclear plant leads to dangerous material release. [H-8],"Crew misinterprets autobrake feedback, delaying power-off decision. [H-4.1]",False
1191,Brake system power-off too early interrupting necessary deceleration. [H-4.1],Crew’s failure to acknowledge sensor alerts results in delay in power-off action. [H-4.1],True
1192,Hydraulic failure leads to asymmetric brake application. [H-4.2],Communication lag leads to failure in timely satellite repositioning for data collection. [H-5],False
1193,Autopilot disengagement error results in improper descent path. [H-6],Late crew response to autobrake anomaly leads to braking inefficiencies. [H-4.1],True
1194,"Wet runway impacts braking efficiency, causing deceleration issues. [H-4.1]","BSCU fails to disarm post-landing, resulting in abrupt brake engagement. [H-4.1]",True
1195,In-flight control system reset results in temporary loss of navigation capabilities. [H-4],Crew’s failure to acknowledge sensor alerts results in delay in power-off action. [H-4.1],False
1196,Terrain detection issue causes aircraft to drift too close to a mountain. [H-6],Software crash causes temporary loss of satellite data acquisition capabilities. [H-5],False
1197,Late feedback to BSCU results in delayed braking upon touchdown. [H-4.1],"Sensor failure misindicates aircraft stop, halting brake application prematurely. [H-4.1]",True
1198,Control system failure at nuclear plant leads to dangerous material release. [H-8],Ground radar failure results in aircraft collision with ground object. [H-4],False
1199,"Crew misinterprets autobrake feedback, delaying power-off decision. [H-4.1]",Autobrake system erroneously applies breaks during takeoff. [H-4.3],False
1200,"Sensor failure misindicates aircraft stop, halting brake application prematurely. [H-4.1]","Crew misinterprets autobrake feedback, delaying power-off decision. [H-4.1]",True
1201,Asymmetrical braking applied due to hydraulic system imbalance. [H-4.2],"Cargo aircraft inadvertently releases cargo mid-flight, violating separation standards. [H-1]",False
1202,Ground proximity system failure leads to aircraft nearing other ground objects. [H-4],Early termination of brake command resulting in extended runway use. [H-4.1],True
1203,Terrain detection issue causes aircraft to drift too close to a mountain. [H-6],Pilot error in thrust control leads to unsafe proximity to terrain during descent. [H-6],True
1204,"Wet runway impacts braking efficiency, causing deceleration issues. [H-4.1]",Tire burst during landing roll causes deviation from runway. [H-3],False
1205,Pilot error in thrust control leads to unsafe proximity to terrain during descent. [H-6],BSCU manual override misinterpretation fails to apply necessary braking. [H-4.1],False
1206,Structural failure of aircraft wing results in loss of airframe integrity. [H-2],Nuclear plant valve malfunction results in unchecked material release. [H-8],True
1207,"Cargo aircraft inadvertently releases cargo mid-flight, violating separation standards. [H-1]",Crew's late response to abnormal WBS handling results in safety compromise. [H-4.1],True
1208,Actuator delay results in insufficient braking force during landing. [H-4.1],"Wet runway impacts braking efficiency, causing deceleration issues. [H-4.1]",False
1209,Structural failure of aircraft wing results in loss of airframe integrity. [H-2],In-flight control system reset results in temporary loss of navigation capabilities. [H-4],False
1210,Satellite communication error prevents scientific data collection. [H-5],Autobrake controller incorrectly activates in normal takeoff scenario. [H-4.3],False
1211,Malfunction in UAV’s navigation system prevents mission completion. [H-7],"Miscommunication between crew and BSCU, failing to apply brakes during landing roll. [H-4.1]",False
1212,Crew's incorrect power-off decision causes unnecessary brake failure. [H-4.1],Software crash causes temporary loss of satellite data acquisition capabilities. [H-5],False
1213,"Miscommunication between crew and BSCU, failing to apply brakes during landing roll. [H-4.1]",Crew intervention in normal braking leads to unnecessary power-off of BSCU. [H-4.1],True
1214,Crew ignores braking system warnings due to unclear procedures. [H-4.1],Asymmetrical braking applied due to hydraulic system imbalance. [H-4.2],False
1215,Hydraulic leak prevents adequate brake pressure application. [H-4.1],Communication lag leads to failure in timely satellite repositioning for data collection. [H-5],False
1216,Crew ignores braking system warnings due to unclear procedures. [H-4.1],Tire burst during landing roll causes deviation from runway. [H-3],False
1217,Autobrake controller incorrectly activates in normal takeoff scenario. [H-4.3],Software crash causes temporary loss of satellite data acquisition capabilities. [H-5],False
1218,Hydraulic failure leads to asymmetric brake application. [H-4.2],Autopilot disengagement error results in improper descent path. [H-6],False
1219,Aircraft taxiing system error causes deviation from designated taxiway. [H-3],Malfunction in UAV’s navigation system prevents mission completion. [H-7],True
1220,"Aircraft navigation error leads to unanticipated altitude drop, risking separation. [H-1]","BSCU fails to disarm post-landing, resulting in abrupt brake engagement. [H-4.1]",False
1221,"Aircraft autopilot malfunctions mid-flight, leading to loss of minimum separation standards. [H-1]",Hydraulic leak prevents adequate brake pressure application. [H-4.1],False
1222,Autobrake controller incorrectly activates in normal takeoff scenario. [H-4.3],Hydraulic leak prevents adequate brake pressure application. [H-4.1],False
1223,GPS failure results in UAV deviating from mission path. [H-4],Software crash causes temporary loss of satellite data acquisition capabilities. [H-5],False
1224,"Aircraft autopilot malfunctions mid-flight, leading to loss of minimum separation standards. [H-1]",Ground radar failure results in aircraft collision with ground object. [H-4],False
